mobile-e2e	Run npm run e2e	﻿2026-09-27T08:53:38.9528764Z ##[group]Run npm run e2e
mobile-e2e	Run npm run e2e	2026-09-27T08:53:38.9529183Z [36;1mnpm run e2e[0m
mobile-e2e	Run npm run e2e	2026-09-27T08:53:38.9572357Z shell: /usr/bin/bash -e {0}
mobile-e2e	Run npm run e2e	2026-09-27T08:53:38.9572744Z ##[endgroup]
mobile-e2e	Run npm run e2e	2026-09-27T08:53:39.0538545Z 
mobile-e2e	Run npm run e2e	2026-09-27T08:53:39.0539458Z > stage-studio-mvp@0.1.0 pree2e
mobile-e2e	Run npm run e2e	2026-09-27T08:53:39.0540481Z > npm ci --prefix tools/content-studio
mobile-e2e	Run npm run e2e	2026-09-27T08:53:39.0540962Z 
mobile-e2e	Run npm run e2e	2026-09-27T08:53:41.3335128Z 
mobile-e2e	Run npm run e2e	2026-09-27T08:53:41.3336691Z added 113 packages, and audited 114 packages in 2s
mobile-e2e	Run npm run e2e	2026-09-27T08:53:41.3337208Z 
mobile-e2e	Run npm run e2e	2026-09-27T08:53:41.3337427Z 20 packages are looking for funding
mobile-e2e	Run npm run e2e	2026-09-27T08:53:41.3338272Z   run `npm fund` for details
mobile-e2e	Run npm run e2e	2026-09-27T08:53:41.3397043Z 
mobile-e2e	Run npm run e2e	2026-09-27T08:53:41.3398225Z 3 vulnerabilities (2 moderate, 1 high)
mobile-e2e	Run npm run e2e	2026-09-27T08:53:41.3399217Z 
mobile-e2e	Run npm run e2e	2026-09-27T08:53:41.3400077Z To address issues that do not require attention, run:
mobile-e2e	Run npm run e2e	2026-09-27T08:53:41.3400931Z   npm audit fix
mobile-e2e	Run npm run e2e	2026-09-27T08:53:41.3401206Z 
mobile-e2e	Run npm run e2e	2026-09-27T08:53:41.3401860Z To address all issues (including breaking changes), run:
mobile-e2e	Run npm run e2e	2026-09-27T08:53:41.3402855Z   npm audit fix --force
mobile-e2e	Run npm run e2e	2026-09-27T08:53:41.3403467Z 
mobile-e2e	Run npm run e2e	2026-09-27T08:53:41.3403798Z Run `npm audit` for details.
mobile-e2e	Run npm run e2e	2026-09-27T08:53:41.3518039Z 
mobile-e2e	Run npm run e2e	2026-09-27T08:53:41.3518891Z > stage-studio-mvp@0.1.0 e2e
mobile-e2e	Run npm run e2e	2026-09-27T08:53:41.3519624Z > playwright test
mobile-e2e	Run npm run e2e	2026-09-27T08:53:41.3519927Z 
mobile-e2e	Run npm run e2e	2026-09-27T08:53:42.6104833Z [WebServer] (node:5344) [DEP0066] DeprecationWarning: OutgoingMessage.prototype._headers is deprecated
mobile-e2e	Run npm run e2e	2026-09-27T08:53:42.6105927Z 
mobile-e2e	Run npm run e2e	2026-09-27T08:53:42.6107130Z [WebServer] (Use `node --trace-deprecation ...` to show where the warning was created)
mobile-e2e	Run npm run e2e	2026-09-27T08:53:43.2695495Z 
mobile-e2e	Run npm run e2e	2026-09-27T08:53:43.2696721Z Running 138 tests using 1 worker
mobile-e2e	Run npm run e2e	2026-09-27T08:53:43.2697180Z 
mobile-e2e	Run npm run e2e	2026-09-27T08:53:43.6594535Z [1/138] [iphone-webkit-portrait-touch] › tests/e2e/content-studio-motion.spec.js:37:34 › real generated sheets → drawUnit 360px
mobile-e2e	Run npm run e2e	2026-09-27T08:54:04.0415867Z [2/138] [iphone-webkit-portrait-touch] › tests/e2e/content-studio-motion.spec.js:37:34 › real generated sheets → drawUnit 390px
mobile-e2e	Run npm run e2e	2026-09-27T08:54:14.1252717Z [3/138] [iphone-webkit-portrait-touch] › tests/e2e/content-studio-motion.spec.js:37:34 › real generated sheets → drawUnit 412px
mobile-e2e	Run npm run e2e	2026-09-27T08:54:24.7880418Z [4/138] [iphone-webkit-portrait-touch] › tests/e2e/firebase-guest-battle-render-phase3d8df3.spec.js:71:3 › Phase 3D-8D-F3 guest Battle start render › verified Firebase start keeps official appearance canonical before native Canvas render
mobile-e2e	Run npm run e2e	2026-09-27T08:54:24.8140197Z [5/138] [iphone-webkit-portrait-touch] › tests/e2e/firebase-reentry-startup-priority-phase3d8df4.spec.js:399:1 › zero-input reload gives Firebase re-entry authority while preserving CPU suspend bytes
mobile-e2e	Run npm run e2e	2026-09-27T08:54:24.8197453Z [6/138] [iphone-webkit-portrait-touch] › tests/e2e/firebase-reentry-startup-priority-phase3d8df4.spec.js:444:1 › native Firebase re-entry Web Lock contention retries without weakening second-tab exclusivity
mobile-e2e	Run npm run e2e	2026-09-27T08:54:24.8255943Z [7/138] [iphone-webkit-portrait-touch] › tests/e2e/firebase-reentry-startup-priority-phase3d8df4.spec.js:543:1 › same-tab zero-input reload releases and reacquires its native Firebase re-entry Web Lock
mobile-e2e	Run npm run e2e	2026-09-27T08:54:24.8327272Z [8/138] [iphone-webkit-portrait-touch] › tests/e2e/firebase-reentry-startup-priority-phase3d8df4.spec.js:597:1 › non-bfcache guest pagehide releases its native lease for the replacement document
mobile-e2e	Run npm run e2e	2026-09-27T08:54:24.8383899Z [9/138] [iphone-webkit-portrait-touch] › tests/e2e/firebase-reentry-startup-priority-phase3d8df4.spec.js:643:1 › same-tab zero-input reload replays two completed production actions after native lock handoff
mobile-e2e	Run npm run e2e	2026-09-27T08:54:24.8457534Z [10/138] [iphone-webkit-portrait-touch] › tests/e2e/firebase-reentry-startup-priority-phase3d8df4.spec.js:685:1 › same-tab zero-input reload replans after one bare recovery transport activation exception
mobile-e2e	Run npm run e2e	2026-09-27T08:54:24.8515792Z [11/138] [iphone-webkit-portrait-touch] › tests/e2e/firebase-reentry-startup-priority-phase3d8df4.spec.js:726:1 › zero-input reload retries a transient canonical history read without losing its active guest identity
mobile-e2e	Run npm run e2e	2026-09-27T08:54:24.8576474Z [12/138] [iphone-webkit-portrait-touch] › tests/e2e/firebase-reentry-startup-priority-phase3d8df4.spec.js:757:1 › permission failure remains terminal without replacing or deleting the existing identity
mobile-e2e	Run npm run e2e	2026-09-27T08:54:24.8629732Z [13/138] [iphone-webkit-portrait-touch] › tests/e2e/firebase-reentry-startup-priority-phase3d8df4.spec.js:790:1 › host zero-input reload retries a transient history read and retains p1 authority
mobile-e2e	Run npm run e2e	2026-09-27T08:54:24.8690179Z [14/138] [iphone-webkit-portrait-touch] › tests/e2e/firebase-reentry-startup-priority-phase3d8df4.spec.js:826:1 › results reload retries a transient history read and restores a verified concede result once
mobile-e2e	Run npm run e2e	2026-09-27T08:54:24.8741816Z [15/138] [iphone-webkit-portrait-touch] › tests/e2e/firebase-reentry-startup-priority-phase3d8df4.spec.js:859:1 › Gear ON reload retries a transient history read and restores the verified manifest runtime
mobile-e2e	Run npm run e2e	2026-09-27T08:54:24.8797532Z [16/138] [iphone-webkit-portrait-touch] › tests/e2e/firebase-reentry-startup-priority-phase3d8df4.spec.js:894:1 › 2v2 support zero-input reload retries a transient history read and restores s1 only as p2
mobile-e2e	Run npm run e2e	2026-09-27T08:54:24.8856326Z [17/138] [iphone-webkit-portrait-touch] › tests/e2e/firebase-reentry-startup-priority-phase3d8df4.spec.js:930:1 › host bfcache pagehide/pageshow retains its live room-seat authority and exclusive lease
mobile-e2e	Run npm run e2e	2026-09-27T08:54:24.8947610Z [18/138] [iphone-webkit-portrait-touch] › tests/e2e/font-repair.spec.js:23:1 › shipped display labels decode in both browsers without mixed fallback glyphs
mobile-e2e	Run npm run e2e	2026-09-27T08:54:26.0569767Z [19/138] [iphone-webkit-portrait-touch] › tests/e2e/font-repair.spec.js:39:1 › first title tap activates UI fonts without a Service Worker or T2 completion
mobile-e2e	Run npm run e2e	2026-09-27T08:54:26.0745934Z [20/138] [iphone-webkit-portrait-touch] › tests/e2e/game-shell.spec.js:67:3 › カタモン本体の基本導線 › 協力ボスの味方AI3席を縦画面で選び、席別設定へ保存する
mobile-e2e	Run npm run e2e	2026-09-27T08:54:26.4842203Z [21/138] [iphone-webkit-portrait-touch] › tests/e2e/game-shell.spec.js:93:3 › カタモン本体の基本導線 › Web Locks非対応端末は協力部屋作成を安全に止める
mobile-e2e	Run npm run e2e	2026-09-27T08:54:26.9343867Z [22/138] [iphone-webkit-portrait-touch] › tests/e2e/game-shell.spec.js:104:3 › カタモン本体の基本導線 › 協力4vs1 fixtureが通常対戦エンジン上で5体・大型立体鋼鉄として起動する
mobile-e2e	Run npm run e2e	2026-09-27T08:54:27.3770751Z [23/138] [iphone-webkit-portrait-touch] › tests/e2e/game-shell.spec.js:168:3 › カタモン本体の基本導線 › タイトル、CPU開始、演習、チュートリアルでページエラーを出さない
mobile-e2e	Run npm run e2e	2026-09-27T08:54:27.7941743Z [24/138] [iphone-webkit-portrait-touch] › tests/e2e/game-shell.spec.js:195:3 › カタモン本体の基本導線 › 公開ONの協力MVP入口とGARAGEのショップ・実績がスマホ内へ収まる
mobile-e2e	Run npm run e2e	2026-09-27T08:54:28.2102901Z [25/138] [iphone-webkit-portrait-touch] › tests/e2e/game-shell.spec.js:245:3 › カタモン本体の基本導線 › Android縦画面で長いスワイプだけがGARAGEへ進み、短いスワイプはBATTLEへ戻る
mobile-e2e	Run npm run e2e	2026-09-27T08:54:28.6829098Z [26/138] [iphone-webkit-portrait-touch] › tests/e2e/gameplay-ux-priority.spec.js:3:1 › サウンドテスト音量はWebAudio fallbackでもゲーム設定へ追従する
mobile-e2e	Run npm run e2e	2026-09-27T08:54:31.5973453Z [27/138] [iphone-webkit-portrait-touch] › tests/e2e/gear-asset-ui-integration-phase4f.spec.js:3:1 › Workbench・Storage・Drop Revealは同じ部位シルエットとセット紋章を合成表示する
mobile-e2e	Run npm run e2e	2026-09-27T08:54:37.7628807Z [28/138] [iphone-webkit-portrait-touch] › tests/e2e/gear-drop-reveal-phase4c.spec.js:3:1 › canonical CPU Gear rewardを6P位置でrevealしWorkbenchの同slotへ案内する
mobile-e2e	Run npm run e2e	2026-09-27T08:54:51.6289037Z [29/138] [iphone-webkit-portrait-touch] › tests/e2e/gear-drop-reveal-phase4c.spec.js:133:1 › Gear 0個の素材報酬も閉じて再表示し、一度だけ明示受取できる
mobile-e2e	Run npm run e2e	2026-09-27T08:54:56.6830744Z [30/138] [iphone-webkit-portrait-touch] › tests/e2e/gear-drop-reveal-phase4c.spec.js:215:1 › claim失敗はpendingを保ち、満杯inventoryでは既存authorityがTEMP BOXへroutingする
mobile-e2e	Run npm run e2e	2026-09-27T08:55:02.6478498Z [31/138] [iphone-webkit-portrait-touch] › tests/e2e/gear-drop-reveal-phase4c.spec.js:253:1 › reduced motionでも同じ部位情報をanimationなしで読める
mobile-e2e	Run npm run e2e	2026-09-27T08:55:06.5244740Z [32/138] [iphone-webkit-portrait-touch] › tests/e2e/gear-enhance-dismantle-phase4e.spec.js:26:1 › Gear強化と安全なmanual dismantleをcanonical authorityで完了する
mobile-e2e	Run npm run e2e	2026-09-27T08:55:23.0707796Z [33/138] [iphone-webkit-portrait-touch] › tests/e2e/gear-enhance-dismantle-phase4e.spec.js:62:1 › locked/preset/TEMP writer safetyとdouble tapは二重mutationを起こさない
mobile-e2e	Run npm run e2e	2026-09-27T08:55:28.6949679Z [34/138] [iphone-webkit-portrait-touch] › tests/e2e/gear-guide-phase4k.spec.js:3:1 › 初回claim後のGEARを見るから3ページGuideを経て同slot Workbenchへ進む
mobile-e2e	Run npm run e2e	2026-09-27T08:55:39.1494361Z [35/138] [iphone-webkit-portrait-touch] › tests/e2e/gear-guide-phase4k.spec.js:94:1 › 常設入口・skip・responsiveはstorage mutationなしで機能する
mobile-e2e	Run npm run e2e	2026-09-27T08:55:42.9118534Z [36/138] [iphone-webkit-portrait-touch] › tests/e2e/gear-inventory-tempbox-phase4d.spec.js:3:1 › Gear Storageで500件Inventory・TEMP BOX・未受取を安全に管理できる
mobile-e2e	Run npm run e2e	2026-09-27T08:55:59.9277499Z [37/138] [iphone-webkit-portrait-touch] › tests/e2e/gear-inventory-tempbox-phase4d.spec.js:95:1 › 選択中presetだけを装備中とし他presetを区別する
mobile-e2e	Run npm run e2e	2026-09-27T08:56:04.8272038Z [38/138] [iphone-webkit-portrait-touch] › tests/e2e/gear-set-emblem-inline-detail-phase4m.spec.js:112:1 › 紋章タップでDomain準拠のセット効果を表示し、6枠の2行を全幅で読みやすく保つ
mobile-e2e	Run npm run e2e	2026-09-27T08:56:10.6927716Z [iphone-webkit-portrait-touch] › tests/e2e/gear-set-emblem-inline-detail-phase4m.spec.js:112:1 › 紋章タップでDomain準拠のセット効果を表示し、6枠の2行を全幅で読みやすく保つ
mobile-e2e	Run npm run e2e	2026-09-27T08:56:10.6928602Z phase4m 412x915: part 10px, set 11.6px, truncation/overlap/overflow 0
mobile-e2e	Run npm run e2e	2026-09-27T08:56:10.6928898Z 
mobile-e2e	Run npm run e2e	2026-09-27T08:56:13.4914372Z phase4m 390x844: part 8.8px, set 9.4px, truncation/overlap/overflow 0
mobile-e2e	Run npm run e2e	2026-09-27T08:56:13.4943200Z 
mobile-e2e	Run npm run e2e	2026-09-27T08:56:15.9256948Z phase4m 320x640: part 7.8px, set 8.4px, truncation/overlap/overflow 0
mobile-e2e	Run npm run e2e	2026-09-27T08:56:15.9259427Z 
mobile-e2e	Run npm run e2e	2026-09-27T08:56:19.6113227Z phase4m 1280x900: part 10px, set 11.6px, truncation/overlap/overflow 0
mobile-e2e	Run npm run e2e	2026-09-27T08:56:19.6133199Z 
mobile-e2e	Run npm run e2e	2026-09-27T08:56:23.9825456Z [39/138] [iphone-webkit-portrait-touch] › tests/e2e/gear-slot-frame-phase4b.spec.js:3:1 › 6Pチーズ型Gear slotを位置で識別し、比較・装備・更新発光まで完了できる
mobile-e2e	Run npm run e2e	2026-09-27T08:56:33.2143277Z [40/138] [iphone-webkit-portrait-touch] › tests/e2e/gear-status-visual-language-phase4s.spec.js:45:1 › 未装備slotと日本語status語彙を全幅で維持する
mobile-e2e	Run npm run e2e	2026-09-27T08:56:40.6814390Z [41/138] [iphone-webkit-portrait-touch] › tests/e2e/gear-tab-level-alignment-phase4t.spec.js:38:1 › 装備と所持品のヘッダー・カテゴリ・タブ段を全幅で固定する
mobile-e2e	Run npm run e2e	2026-09-27T08:56:44.6587513Z [iphone-webkit-portrait-touch] › tests/e2e/gear-tab-level-alignment-phase4t.spec.js:38:1 › 装備と所持品のヘッダー・カテゴリ・タブ段を全幅で固定する
mobile-e2e	Run npm run e2e	2026-09-27T08:56:44.6614072Z phase4t 412px: header/category/section delta 0, overflow 0
mobile-e2e	Run npm run e2e	2026-09-27T08:56:44.6673223Z 
mobile-e2e	Run npm run e2e	2026-09-27T08:56:46.9644286Z phase4t 390px: header/category/section delta 0, overflow 0
mobile-e2e	Run npm run e2e	2026-09-27T08:56:46.9673502Z 
mobile-e2e	Run npm run e2e	2026-09-27T08:56:48.8596734Z phase4t 320px: header/category/section delta 0, overflow 0
mobile-e2e	Run npm run e2e	2026-09-27T08:56:48.8644417Z 
mobile-e2e	Run npm run e2e	2026-09-27T08:56:50.9724448Z phase4t 1280px: header/category/section delta 0, overflow 0
mobile-e2e	Run npm run e2e	2026-09-27T08:56:50.9753341Z 
mobile-e2e	Run npm run e2e	2026-09-27T08:56:57.6158603Z [42/138] [iphone-webkit-portrait-touch] › tests/e2e/gear-targeted-box-phase4j.spec.js:3:1 › 設計片の指定BOXをexactly once製作しDrop Revealから受け取れる
mobile-e2e	Run npm run e2e	2026-09-27T08:57:04.5284624Z [43/138] [iphone-webkit-portrait-touch] › tests/e2e/gear-ui-phase4.spec.js:3:1 › GARAGEからGearを開き、slot比較と装備をAndroid縦画面で完了できる
mobile-e2e	Run npm run e2e	2026-09-27T08:57:14.5893438Z [44/138] [iphone-webkit-portrait-touch] › tests/e2e/gear-visual-polish-phase4g.spec.js:144:1 › Gear主要6画面を製品品質の情報階層で表示し、mobile/desktopで破綻しない
mobile-e2e	Run npm run e2e	2026-09-27T08:57:33.0859886Z [45/138] [iphone-webkit-portrait-touch] › tests/e2e/gear-workbench-cleanup-phase4r.spec.js:42:1 › Workbench整理・キャラ選択・Storage共通意匠を4幅で維持する
mobile-e2e	Run npm run e2e	2026-09-27T08:57:35.1056057Z [iphone-webkit-portrait-touch] › tests/e2e/gear-workbench-cleanup-phase4r.spec.js:42:1 › Workbench整理・キャラ選択・Storage共通意匠を4幅で維持する
mobile-e2e	Run npm run e2e	2026-09-27T08:57:35.1073620Z phase4r: workbench opened
mobile-e2e	Run npm run e2e	2026-09-27T08:57:35.1075401Z 
mobile-e2e	Run npm run e2e	2026-09-27T08:57:35.4120416Z phase4r: responsive metrics passed
mobile-e2e	Run npm run e2e	2026-09-27T08:57:35.4151727Z 
mobile-e2e	Run npm run e2e	2026-09-27T08:57:38.4244193Z phase4r: picker clicked
mobile-e2e	Run npm run e2e	2026-09-27T08:57:38.4273497Z 
mobile-e2e	Run npm run e2e	2026-09-27T08:57:41.3979228Z phase4r: select screenshot saved
mobile-e2e	Run npm run e2e	2026-09-27T08:57:41.3986410Z 
mobile-e2e	Run npm run e2e	2026-09-27T08:57:41.8294679Z phase4r: character changed
mobile-e2e	Run npm run e2e	2026-09-27T08:57:41.8295904Z 
mobile-e2e	Run npm run e2e	2026-09-27T08:57:42.7505499Z phase4r: storage opened
mobile-e2e	Run npm run e2e	2026-09-27T08:57:42.7533691Z 
mobile-e2e	Run npm run e2e	2026-09-27T08:57:43.9984323Z phase4r: storage screenshot saved
mobile-e2e	Run npm run e2e	2026-09-27T08:57:43.9993406Z 
mobile-e2e	Run npm run e2e	2026-09-27T08:57:44.9310393Z [46/138] [iphone-webkit-portrait-touch] › tests/e2e/gear-workbench-inline-detail-phase4l.spec.js:54:1 › 6slotタップで直下詳細、中央CATAMONタップで能力へ戻る
mobile-e2e	Run npm run e2e	2026-09-27T08:57:49.8519011Z [iphone-webkit-portrait-touch] › tests/e2e/gear-workbench-inline-detail-phase4l.spec.js:54:1 › 6slotタップで直下詳細、中央CATAMONタップで能力へ戻る
mobile-e2e	Run npm run e2e	2026-09-27T08:57:49.8520307Z phase4l 412x915: inline detail visible, overflow 0, auto-scroll 0
mobile-e2e	Run npm run e2e	2026-09-27T08:57:49.8520715Z 
mobile-e2e	Run npm run e2e	2026-09-27T08:57:52.4199973Z phase4l 390x844: inline detail visible, overflow 0, auto-scroll 0
mobile-e2e	Run npm run e2e	2026-09-27T08:57:52.4202590Z 
mobile-e2e	Run npm run e2e	2026-09-27T08:57:54.4497478Z phase4l 320x640: inline detail visible, overflow 0, auto-scroll 0
mobile-e2e	Run npm run e2e	2026-09-27T08:57:54.4498275Z 
mobile-e2e	Run npm run e2e	2026-09-27T08:58:01.2609309Z [47/138] [iphone-webkit-portrait-touch] › tests/e2e/gear-workbench-slot-phase4h.spec.js:109:1 › Workbench socketを6角度で等距離配置し、最悪ケースでも全幅で読める
mobile-e2e	Run npm run e2e	2026-09-27T08:58:03.3843695Z [iphone-webkit-portrait-touch] › tests/e2e/gear-workbench-slot-phase4h.spec.js:109:1 › Workbench socketを6角度で等距離配置し、最悪ケースでも全幅で読める
mobile-e2e	Run npm run e2e	2026-09-27T08:58:03.3844940Z phase4h 412x915: headroom 14.89px, sockets 47/47/47/47/47/47, truncation 0
mobile-e2e	Run npm run e2e	2026-09-27T08:58:03.3845506Z 
mobile-e2e	Run npm run e2e	2026-09-27T08:58:03.4671112Z phase4h 390x844: headroom 7.03px, sockets 38/38/38/38/38/38, truncation 0
mobile-e2e	Run npm run e2e	2026-09-27T08:58:03.4672040Z 
mobile-e2e	Run npm run e2e	2026-09-27T08:58:03.5144426Z phase4h 375x812: headroom 7.03px, sockets 38/38/38/38/38/38, truncation 0
mobile-e2e	Run npm run e2e	2026-09-27T08:58:03.5145009Z 
mobile-e2e	Run npm run e2e	2026-09-27T08:58:03.5664851Z phase4h 360x800: headroom 7.03px, sockets 38/38/38/38/38/38, truncation 0
mobile-e2e	Run npm run e2e	2026-09-27T08:58:03.5665710Z 
mobile-e2e	Run npm run e2e	2026-09-27T08:58:03.6394460Z phase4h 320x640: headroom 5.88px, sockets 34/34/34/34/34/34, truncation 0
mobile-e2e	Run npm run e2e	2026-09-27T08:58:03.6395226Z 
mobile-e2e	Run npm run e2e	2026-09-27T08:58:03.6926929Z phase4h 1280x900: headroom 14.89px, sockets 47/47/47/47/47/47, truncation 0
mobile-e2e	Run npm run e2e	2026-09-27T08:58:03.6943836Z 
mobile-e2e	Run npm run e2e	2026-09-27T08:58:09.6064306Z [48/138] [iphone-webkit-portrait-touch] › tests/e2e/loadout-lab-ui-phase4o.spec.js:6:3 › LOADOUTからCATAMON LABの装備管理を完了できる 412px
mobile-e2e	Run npm run e2e	2026-09-27T08:58:20.3735475Z [49/138] [iphone-webkit-portrait-touch] › tests/e2e/loadout-lab-ui-phase4o.spec.js:6:3 › LOADOUTからCATAMON LABの装備管理を完了できる 390px
mobile-e2e	Run npm run e2e	2026-09-27T08:58:30.1357053Z [50/138] [iphone-webkit-portrait-touch] › tests/e2e/loadout-lab-ui-phase4o.spec.js:6:3 › LOADOUTからCATAMON LABの装備管理を完了できる 320px
mobile-e2e	Run npm run e2e	2026-09-27T08:58:38.1177682Z [51/138] [iphone-webkit-portrait-touch] › tests/e2e/preview-effects-phase5b.spec.js:43:1 › ショップ9商品は実戦効果が対象へ発生し、必殺技は全キャラが命中演出まで進む
mobile-e2e	Run npm run e2e	2026-09-27T08:59:22.2412208Z [52/138] [iphone-webkit-portrait-touch] › tests/e2e/progressive-precache.spec.js:120:1 › localhost上でT2/T3a/T3bを順次取得し、二重取得なしでオフライン再表示できる
mobile-e2e	Run npm run e2e	2026-09-27T08:59:37.1909309Z [iphone-webkit-portrait-touch] › tests/e2e/progressive-precache.spec.js:120:1 › localhost上でT2/T3a/T3bを順次取得し、二重取得なしでオフライン再表示できる
mobile-e2e	Run npm run e2e	2026-09-27T08:59:37.1911694Z [progressive-precache meter] {"t0PlusT1Bytes":10238615,"duplicateBytes":1808316,"t3aCompleteBytes":45646764,"t3bCompleteBytes":81795277,"requests":202}
mobile-e2e	Run npm run e2e	2026-09-27T08:59:37.1951181Z 
mobile-e2e	Run npm run e2e	2026-09-27T08:59:41.8096375Z [53/138] [iphone-webkit-portrait-touch] › tests/e2e/progressive-precache.spec.js:256:1 › saveData接続ではT3aまで取得し、任意のT3bは開始しない
mobile-e2e	Run npm run e2e	2026-09-27T09:00:48.8455162Z [54/138] [iphone-webkit-portrait-touch] › tests/e2e/reward-summary-x-share.spec.js:3:1 › CPU結果の素材内訳と共有ボタンをモバイルCanvasで安全に操作できる
mobile-e2e	Run npm run e2e	2026-09-27T09:00:54.2455430Z [55/138] [iphone-webkit-portrait-touch] › tests/e2e/shop-assets-phase5a.spec.js:12:1 › ショップ9商品の正式画像・詳細・responsiveを検証する
mobile-e2e	Run npm run e2e	2026-09-27T09:00:55.5663167Z [iphone-webkit-portrait-touch] › tests/e2e/shop-assets-phase5a.spec.js:12:1 › ショップ9商品の正式画像・詳細・responsiveを検証する
mobile-e2e	Run npm run e2e	2026-09-27T09:00:55.5664859Z shop-assets 412px: images 9/9, overflow 0, controls outside 0
mobile-e2e	Run npm run e2e	2026-09-27T09:00:55.5665290Z 
mobile-e2e	Run npm run e2e	2026-09-27T09:00:57.1049548Z shop-assets 390px: images 9/9, overflow 0, controls outside 0
mobile-e2e	Run npm run e2e	2026-09-27T09:00:57.1050123Z 
mobile-e2e	Run npm run e2e	2026-09-27T09:00:57.2700484Z shop-assets 320px: images 9/9, overflow 0, controls outside 0
mobile-e2e	Run npm run e2e	2026-09-27T09:00:57.2708298Z 
mobile-e2e	Run npm run e2e	2026-09-27T09:00:58.5230962Z shop-assets 1280px: images 9/9, overflow 0, controls outside 0
mobile-e2e	Run npm run e2e	2026-09-27T09:00:58.5231785Z 
mobile-e2e	Run npm run e2e	2026-09-27T09:00:58.8799719Z shop-assets detail: opening barrier
mobile-e2e	Run npm run e2e	2026-09-27T09:00:58.8800131Z 
mobile-e2e	Run npm run e2e	2026-09-27T09:01:00.0934788Z shop-assets detail: barrier clicked
mobile-e2e	Run npm run e2e	2026-09-27T09:01:00.0950429Z 
mobile-e2e	Run npm run e2e	2026-09-27T09:01:00.1193786Z shop-assets detail: dialog open
mobile-e2e	Run npm run e2e	2026-09-27T09:01:00.1194156Z 
mobile-e2e	Run npm run e2e	2026-09-27T09:01:03.2644462Z shop-assets detail: live Battle canvas rendered
mobile-e2e	Run npm run e2e	2026-09-27T09:01:03.2683366Z 
mobile-e2e	Run npm run e2e	2026-09-27T09:01:05.6457949Z shop-assets detail: screenshot done
mobile-e2e	Run npm run e2e	2026-09-27T09:01:05.6458260Z 
mobile-e2e	Run npm run e2e	2026-09-27T09:01:06.4074877Z shop-assets live preview: impact
mobile-e2e	Run npm run e2e	2026-09-27T09:01:06.4076681Z 
mobile-e2e	Run npm run e2e	2026-09-27T09:01:08.5264177Z shop-assets live preview: drill
mobile-e2e	Run npm run e2e	2026-09-27T09:01:08.5283452Z 
mobile-e2e	Run npm run e2e	2026-09-27T09:01:10.7064292Z shop-assets live preview: rescue-kit
mobile-e2e	Run npm run e2e	2026-09-27T09:01:10.7083354Z 
mobile-e2e	Run npm run e2e	2026-09-27T09:01:12.7154160Z shop-assets live preview: healing-kit
mobile-e2e	Run npm run e2e	2026-09-27T09:01:12.7163496Z 
mobile-e2e	Run npm run e2e	2026-09-27T09:01:14.4033590Z shop-assets live preview: debuff-grenade
mobile-e2e	Run npm run e2e	2026-09-27T09:01:14.4062457Z 
mobile-e2e	Run npm run e2e	2026-09-27T09:01:17.0574577Z shop-assets live preview: icon-brass
mobile-e2e	Run npm run e2e	2026-09-27T09:01:17.0575488Z 
mobile-e2e	Run npm run e2e	2026-09-27T09:01:19.3274376Z shop-assets live preview: shell-amber
mobile-e2e	Run npm run e2e	2026-09-27T09:01:19.3293353Z 
mobile-e2e	Run npm run e2e	2026-09-27T09:01:21.3913903Z shop-assets live preview: impact-cyan
mobile-e2e	Run npm run e2e	2026-09-27T09:01:21.3914742Z 
mobile-e2e	Run npm run e2e	2026-09-27T09:01:23.2567317Z [56/138] [iphone-webkit-portrait-touch] › tests/e2e/stage-studio.spec.js:432:3 › 対象ゲームの端末戻る操作 › 起動前とタイトルで、終了前に確認を表示する
mobile-e2e	Run npm run e2e	2026-09-27T09:01:31.2577009Z [57/138] [iphone-webkit-portrait-touch] › tests/e2e/stage-studio.spec.js:479:3 › 対象ゲームの端末戻る操作 › 終了を選んだ時だけ前のページへ戻る
mobile-e2e	Run npm run e2e	2026-09-27T09:01:34.3484427Z [58/138] [iphone-webkit-portrait-touch] › tests/e2e/stage-studio.spec.js:503:3 › Stage Studio モバイル作成フロー › 文字地形を移動配置・連続配置してUndoできる
mobile-e2e	Run npm run e2e	2026-09-27T09:01:39.0164616Z [59/138] [iphone-webkit-portrait-touch] › tests/e2e/stage-studio.spec.js:543:3 › Stage Studio モバイル作成フロー › 横画面では地形・出撃・テストの操作をマップ横へまとめる
mobile-e2e	Run npm run e2e	2026-09-27T09:01:40.7956740Z [60/138] [iphone-webkit-portrait-touch] › tests/e2e/stage-studio.spec.js:585:3 › Stage Studio モバイル作成フロー › プリセット生成、タッチ編集、共有物理、検証、JSON、ゲーム開始
mobile-e2e	Run npm run e2e	2026-09-27T09:02:07.8378537Z [61/138] [iphone-webkit-portrait-touch] › tests/e2e/stage-studio.spec.js:616:3 › Stage Studio モバイル作成フロー › ZIPを書き出し、対象ゲームへインポートして開始できる
mobile-e2e	Run npm run e2e	2026-09-27T09:02:31.3825400Z [62/138] [iphone-webkit-portrait-touch] › tests/e2e/stage-studio.spec.js:626:3 › Stage Studio モバイル作成フロー › 自動保存した下書きを再読込後も復元する
mobile-e2e	Run npm run e2e	2026-09-27T09:02:38.6322765Z [63/138] [iphone-webkit-portrait-touch] › tests/e2e/stage-studio.spec.js:640:3 › Stage Studio モバイル作成フロー › PWAアプリシェルをオフラインで再表示できる
mobile-e2e	Run npm run e2e	2026-09-27T09:02:40.4498609Z [64/138] [iphone-webkit-portrait-touch] › tests/e2e/weekday-dungeon.spec.js:155:3 › weekday dungeon shared-Battle release gate › Garage entry launches shared Battle, real drag FIRE hits a cloud and claim grants exactly one Gear
mobile-e2e	Run npm run e2e	2026-09-27T09:02:57.7778995Z [65/138] [iphone-webkit-portrait-touch] › tests/e2e/weekday-dungeon.spec.js:180:3 › weekday dungeon shared-Battle release gate › a real shared-Battle miss queues powder +3 and does not add it until claim
mobile-e2e	Run npm run e2e	2026-09-27T09:03:12.4654469Z [66/138] [iphone-webkit-portrait-touch] › tests/e2e/weekday-dungeon.spec.js:196:3 › weekday dungeon shared-Battle release gate › v1 fired state reloads into reward-only recovery without a second projectile
mobile-e2e	Run npm run e2e	2026-09-27T09:03:24.8211093Z [67/138] [iphone-webkit-portrait-touch] › tests/e2e/weekday-dungeon.spec.js:221:3 › weekday dungeon shared-Battle release gate › two tabs firing through shared Battle create one day-only entitlement
mobile-e2e	Run npm run e2e	2026-09-27T09:03:50.6861643Z [68/138] [iphone-webkit-portrait-touch] › tests/e2e/weekday-dungeon.spec.js:239:3 › weekday dungeon shared-Battle release gate › queue capacity and rejected Web Lock fail before the shared Battle shot is consumed
mobile-e2e	Run npm run e2e	2026-09-27T09:04:09.9305451Z [69/138] [iphone-webkit-portrait-touch] › tests/e2e/weekday-dungeon.spec.js:265:3 › weekday dungeon shared-Battle release gate › WAL retry, R and narrow 320x568 retain one-shot safety and a usable FIRE origin
mobile-e2e	Run npm run e2e	2026-09-27T09:04:24.3169163Z [70/138] [android-chromium-portrait-touch] › tests/e2e/content-studio-motion.spec.js:37:34 › real generated sheets → drawUnit 360px
mobile-e2e	Run npm run e2e	2026-09-27T09:04:37.0174826Z [71/138] [android-chromium-portrait-touch] › tests/e2e/content-studio-motion.spec.js:37:34 › real generated sheets → drawUnit 390px
mobile-e2e	Run npm run e2e	2026-09-27T09:04:48.9939446Z [72/138] [android-chromium-portrait-touch] › tests/e2e/content-studio-motion.spec.js:37:34 › real generated sheets → drawUnit 412px
mobile-e2e	Run npm run e2e	2026-09-27T09:05:01.3295791Z [73/138] [android-chromium-portrait-touch] › tests/e2e/firebase-guest-battle-render-phase3d8df3.spec.js:71:3 › Phase 3D-8D-F3 guest Battle start render › verified Firebase start keeps official appearance canonical before native Canvas render
mobile-e2e	Run npm run e2e	2026-09-27T09:05:06.6776266Z [74/138] [android-chromium-portrait-touch] › tests/e2e/firebase-reentry-startup-priority-phase3d8df4.spec.js:399:1 › zero-input reload gives Firebase re-entry authority while preserving CPU suspend bytes
mobile-e2e	Run npm run e2e	2026-09-27T09:05:11.5536414Z [75/138] [android-chromium-portrait-touch] › tests/e2e/firebase-reentry-startup-priority-phase3d8df4.spec.js:444:1 › native Firebase re-entry Web Lock contention retries without weakening second-tab exclusivity
mobile-e2e	Run npm run e2e	2026-09-27T09:05:16.1470047Z [76/138] [android-chromium-portrait-touch] › tests/e2e/firebase-reentry-startup-priority-phase3d8df4.spec.js:543:1 › same-tab zero-input reload releases and reacquires its native Firebase re-entry Web Lock
mobile-e2e	Run npm run e2e	2026-09-27T09:05:20.9692835Z [77/138] [android-chromium-portrait-touch] › tests/e2e/firebase-reentry-startup-priority-phase3d8df4.spec.js:597:1 › non-bfcache guest pagehide releases its native lease for the replacement document
mobile-e2e	Run npm run e2e	2026-09-27T09:05:41.6976088Z [78/138] (retries) [android-chromium-portrait-touch] › tests/e2e/firebase-reentry-startup-priority-phase3d8df4.spec.js:597:1 › non-bfcache guest pagehide releases its native lease for the replacement document (retry #1)
mobile-e2e	Run npm run e2e	2026-09-27T09:05:46.3947125Z   1) [android-chromium-portrait-touch] › tests/e2e/firebase-reentry-startup-priority-phase3d8df4.spec.js:597:1 › non-bfcache guest pagehide releases its native lease for the replacement document 
mobile-e2e	Run npm run e2e	2026-09-27T09:05:46.3948632Z 
mobile-e2e	Run npm run e2e	2026-09-27T09:05:46.3949415Z     Error: expect(received).toBe(expected) // Object.is equality
mobile-e2e	Run npm run e2e	2026-09-27T09:05:46.3950022Z 
mobile-e2e	Run npm run e2e	2026-09-27T09:05:46.3951066Z     Expected: "playing"
mobile-e2e	Run npm run e2e	2026-09-27T09:05:46.3951534Z     Received: "ended"
mobile-e2e	Run npm run e2e	2026-09-27T09:05:46.3951788Z 
mobile-e2e	Run npm run e2e	2026-09-27T09:05:46.3951943Z     Call Log:
mobile-e2e	Run npm run e2e	2026-09-27T09:05:46.3952630Z     - Timeout 15000ms exceeded while waiting on the predicate
mobile-e2e	Run npm run e2e	2026-09-27T09:05:46.3953334Z 
mobile-e2e	Run npm run e2e	2026-09-27T09:05:46.3954155Z       633 |         .filter(lock => lock.name.startsWith('katamon_firebase_reentry:')).map(lock => lock.clientId)
mobile-e2e	Run npm run e2e	2026-09-27T09:05:46.3955178Z       634 |     )), { timeout: 5000 }).not.toContain(oldLockClient);
mobile-e2e	Run npm run e2e	2026-09-27T09:05:46.3956579Z     > 635 |     await expect.poll(async () => (await replacementPage.evaluate(() => globalThis.KatamonF4StartupBridge.state())).onlinePhase, { timeout: 15000 }).toBe('playing');
mobile-e2e	Run npm run e2e	2026-09-27T09:05:46.3958050Z           |                                                                                                                                                      ^
mobile-e2e	Run npm run e2e	2026-09-27T09:05:46.3958868Z       636 |     expect(fixture.authSignUpCount).toBe(0);
mobile-e2e	Run npm run e2e	2026-09-27T09:05:46.3959507Z       637 |   } finally {
mobile-e2e	Run npm run e2e	2026-09-27T09:05:46.3960282Z       638 |     if (replacementPage && !replacementPage.isClosed()) await replacementPage.close();
mobile-e2e	Run npm run e2e	2026-09-27T09:05:46.3961686Z         at /home/runner/work/katamon/katamon/tests/e2e/firebase-reentry-startup-priority-phase3d8df4.spec.js:635:150
mobile-e2e	Run npm run e2e	2026-09-27T09:05:46.3962468Z 
mobile-e2e	Run npm run e2e	2026-09-27T09:05:46.3963530Z     attachment #1: screenshot (image/png) ──────────────────────────────────────────────────────────
mobile-e2e	Run npm run e2e	2026-09-27T09:05:46.3966993Z     test-results/playwright/firebase-reentry-startup-p-3c1e8-or-the-replacement-document-android-chromium-portrait-touch/test-failed-1.png
mobile-e2e	Run npm run e2e	2026-09-27T09:05:46.3968734Z     ────────────────────────────────────────────────────────────────────────────────────────────────
mobile-e2e	Run npm run e2e	2026-09-27T09:05:46.3969238Z 
mobile-e2e	Run npm run e2e	2026-09-27T09:05:46.3970328Z     Error Context: test-results/playwright/firebase-reentry-startup-p-3c1e8-or-the-replacement-document-android-chromium-portrait-touch/error-context.md
mobile-e2e	Run npm run e2e	2026-09-27T09:05:46.3971542Z 
mobile-e2e	Run npm run e2e	2026-09-27T09:05:46.3972493Z     attachment #3: trace (application/zip) ─────────────────────────────────────────────────────────
mobile-e2e	Run npm run e2e	2026-09-27T09:05:46.3974463Z     test-results/playwright/firebase-reentry-startup-p-3c1e8-or-the-replacement-document-android-chromium-portrait-touch/trace.zip
mobile-e2e	Run npm run e2e	2026-09-27T09:05:46.3975372Z     Usage:
mobile-e2e	Run npm run e2e	2026-09-27T09:05:46.3975522Z 
mobile-e2e	Run npm run e2e	2026-09-27T09:05:46.3976384Z         npx playwright show-trace test-results/playwright/firebase-reentry-startup-p-3c1e8-or-the-replacement-document-android-chromium-portrait-touch/trace.zip
mobile-e2e	Run npm run e2e	2026-09-27T09:05:46.3977007Z 
mobile-e2e	Run npm run e2e	2026-09-27T09:05:46.3977492Z     ────────────────────────────────────────────────────────────────────────────────────────────────
mobile-e2e	Run npm run e2e	2026-09-27T09:05:46.3978238Z 
mobile-e2e	Run npm run e2e	2026-09-27T09:05:46.3978254Z 
mobile-e2e	Run npm run e2e	2026-09-27T09:05:46.3979622Z [79/138] [android-chromium-portrait-touch] › tests/e2e/firebase-reentry-startup-priority-phase3d8df4.spec.js:643:1 › same-tab zero-input reload replays two completed production actions after native lock handoff
mobile-e2e	Run npm run e2e	2026-09-27T09:05:54.5441779Z [80/138] [android-chromium-portrait-touch] › tests/e2e/firebase-reentry-startup-priority-phase3d8df4.spec.js:685:1 › same-tab zero-input reload replans after one bare recovery transport activation exception
mobile-e2e	Run npm run e2e	2026-09-27T09:06:15.6176114Z [81/138] (retries) [android-chromium-portrait-touch] › tests/e2e/firebase-reentry-startup-priority-phase3d8df4.spec.js:685:1 › same-tab zero-input reload replans after one bare recovery transport activation exception (retry #1)
mobile-e2e	Run npm run e2e	2026-09-27T09:06:37.4137497Z [82/138] (retries) [android-chromium-portrait-touch] › tests/e2e/firebase-reentry-startup-priority-phase3d8df4.spec.js:685:1 › same-tab zero-input reload replans after one bare recovery transport activation exception (retry #2)
mobile-e2e	Run npm run e2e	2026-09-27T09:06:59.1125800Z   2) [android-chromium-portrait-touch] › tests/e2e/firebase-reentry-startup-priority-phase3d8df4.spec.js:685:1 › same-tab zero-input reload replans after one bare recovery transport activation exception 
mobile-e2e	Run npm run e2e	2026-09-27T09:06:59.1129312Z 
mobile-e2e	Run npm run e2e	2026-09-27T09:06:59.1129840Z     Error: expect(received).toBe(expected) // Object.is equality
mobile-e2e	Run npm run e2e	2026-09-27T09:06:59.1130317Z 
mobile-e2e	Run npm run e2e	2026-09-27T09:06:59.1130508Z     Expected: "playing"
mobile-e2e	Run npm run e2e	2026-09-27T09:06:59.1131158Z     Received: "ended"
mobile-e2e	Run npm run e2e	2026-09-27T09:06:59.1131489Z 
mobile-e2e	Run npm run e2e	2026-09-27T09:06:59.1131745Z     Call Log:
mobile-e2e	Run npm run e2e	2026-09-27T09:06:59.1132374Z     - Timeout 15000ms exceeded while waiting on the predicate
mobile-e2e	Run npm run e2e	2026-09-27T09:06:59.1132779Z 
mobile-e2e	Run npm run e2e	2026-09-27T09:06:59.1133188Z       708 |     }, { timeout: 15000 }).toBeGreaterThanOrEqual(1);
mobile-e2e	Run npm run e2e	2026-09-27T09:06:59.1134181Z       709 |     await expect.poll(async () => (await page.evaluate(() => globalThis.KatamonF4StartupBridge.state())).onlinePhase,
mobile-e2e	Run npm run e2e	2026-09-27T09:06:59.1134992Z     > 710 |       { timeout: 15000 }).toBe('playing');
mobile-e2e	Run npm run e2e	2026-09-27T09:06:59.1135452Z           |                           ^
mobile-e2e	Run npm run e2e	2026-09-27T09:06:59.1136172Z       711 |     const restored = await page.evaluate(() => globalThis.KatamonF4StartupBridge.state());
mobile-e2e	Run npm run e2e	2026-09-27T09:06:59.1137031Z       712 |     expect(restored, JSON.stringify(restored, null, 2)).toMatchObject({
mobile-e2e	Run npm run e2e	2026-09-27T09:06:59.1137933Z       713 |       gamePhase: 'battle', battleMode: 'normal', onlineKind: 'firebase', onlinePhase: 'playing',
mobile-e2e	Run npm run e2e	2026-09-27T09:06:59.1139026Z         at /home/runner/work/katamon/katamon/tests/e2e/firebase-reentry-startup-priority-phase3d8df4.spec.js:710:27
mobile-e2e	Run npm run e2e	2026-09-27T09:06:59.1139648Z 
mobile-e2e	Run npm run e2e	2026-09-27T09:06:59.1140337Z     attachment #1: screenshot (image/png) ──────────────────────────────────────────────────────────
mobile-e2e	Run npm run e2e	2026-09-27T09:06:59.1141770Z     test-results/playwright/firebase-reentry-startup-p-95e02-nsport-activation-exception-android-chromium-portrait-touch/test-failed-1.png
mobile-e2e	Run npm run e2e	2026-09-27T09:06:59.1142671Z     ────────────────────────────────────────────────────────────────────────────────────────────────
mobile-e2e	Run npm run e2e	2026-09-27T09:06:59.1143157Z 
mobile-e2e	Run npm run e2e	2026-09-27T09:06:59.1144060Z     Error Context: test-results/playwright/firebase-reentry-startup-p-95e02-nsport-activation-exception-android-chromium-portrait-touch/error-context.md
mobile-e2e	Run npm run e2e	2026-09-27T09:06:59.1145426Z 
mobile-e2e	Run npm run e2e	2026-09-27T09:06:59.1145929Z     attachment #3: trace (application/zip) ─────────────────────────────────────────────────────────
mobile-e2e	Run npm run e2e	2026-09-27T09:06:59.1147080Z     test-results/playwright/firebase-reentry-startup-p-95e02-nsport-activation-exception-android-chromium-portrait-touch/trace.zip
mobile-e2e	Run npm run e2e	2026-09-27T09:06:59.1147958Z     Usage:
mobile-e2e	Run npm run e2e	2026-09-27T09:06:59.1148116Z 
mobile-e2e	Run npm run e2e	2026-09-27T09:06:59.1148877Z         npx playwright show-trace test-results/playwright/firebase-reentry-startup-p-95e02-nsport-activation-exception-android-chromium-portrait-touch/trace.zip
mobile-e2e	Run npm run e2e	2026-09-27T09:06:59.1149738Z 
mobile-e2e	Run npm run e2e	2026-09-27T09:06:59.1150221Z     ────────────────────────────────────────────────────────────────────────────────────────────────
mobile-e2e	Run npm run e2e	2026-09-27T09:06:59.1150642Z 
mobile-e2e	Run npm run e2e	2026-09-27T09:06:59.1151060Z     Retry #1 ───────────────────────────────────────────────────────────────────────────────────────
mobile-e2e	Run npm run e2e	2026-09-27T09:06:59.1151403Z 
mobile-e2e	Run npm run e2e	2026-09-27T09:06:59.1151688Z     Error: expect(received).toBe(expected) // Object.is equality
mobile-e2e	Run npm run e2e	2026-09-27T09:06:59.1152014Z 
mobile-e2e	Run npm run e2e	2026-09-27T09:06:59.1152492Z     Expected: "playing"
mobile-e2e	Run npm run e2e	2026-09-27T09:06:59.1152797Z     Received: "ended"
mobile-e2e	Run npm run e2e	2026-09-27T09:06:59.1153191Z 
mobile-e2e	Run npm run e2e	2026-09-27T09:06:59.1153315Z     Call Log:
mobile-e2e	Run npm run e2e	2026-09-27T09:06:59.1153750Z     - Timeout 15000ms exceeded while waiting on the predicate
mobile-e2e	Run npm run e2e	2026-09-27T09:06:59.1154062Z 
mobile-e2e	Run npm run e2e	2026-09-27T09:06:59.1154306Z       708 |     }, { timeout: 15000 }).toBeGreaterThanOrEqual(1);
mobile-e2e	Run npm run e2e	2026-09-27T09:06:59.1155165Z       709 |     await expect.poll(async () => (await page.evaluate(() => globalThis.KatamonF4StartupBridge.state())).onlinePhase,
mobile-e2e	Run npm run e2e	2026-09-27T09:06:59.1155913Z     > 710 |       { timeout: 15000 }).toBe('playing');
mobile-e2e	Run npm run e2e	2026-09-27T09:06:59.1156373Z           |                           ^
mobile-e2e	Run npm run e2e	2026-09-27T09:06:59.1157037Z       711 |     const restored = await page.evaluate(() => globalThis.KatamonF4StartupBridge.state());
mobile-e2e	Run npm run e2e	2026-09-27T09:06:59.1157923Z       712 |     expect(restored, JSON.stringify(restored, null, 2)).toMatchObject({
mobile-e2e	Run npm run e2e	2026-09-27T09:06:59.1158778Z       713 |       gamePhase: 'battle', battleMode: 'normal', onlineKind: 'firebase', onlinePhase: 'playing',
mobile-e2e	Run npm run e2e	2026-09-27T09:06:59.1159905Z         at /home/runner/work/katamon/katamon/tests/e2e/firebase-reentry-startup-priority-phase3d8df4.spec.js:710:27
mobile-e2e	Run npm run e2e	2026-09-27T09:06:59.1160566Z 
mobile-e2e	Run npm run e2e	2026-09-27T09:06:59.1161318Z     attachment #1: screenshot (image/png) ──────────────────────────────────────────────────────────
mobile-e2e	Run npm run e2e	2026-09-27T09:06:59.1162681Z     test-results/playwright/firebase-reentry-startup-p-95e02-nsport-activation-exception-android-chromium-portrait-touch-retry1/test-failed-1.png
mobile-e2e	Run npm run e2e	2026-09-27T09:06:59.1164309Z     ────────────────────────────────────────────────────────────────────────────────────────────────
mobile-e2e	Run npm run e2e	2026-09-27T09:06:59.1164739Z 
mobile-e2e	Run npm run e2e	2026-09-27T09:06:59.1165682Z     Error Context: test-results/playwright/firebase-reentry-startup-p-95e02-nsport-activation-exception-android-chromium-portrait-touch-retry1/error-context.md
mobile-e2e	Run npm run e2e	2026-09-27T09:06:59.1166722Z 
mobile-e2e	Run npm run e2e	2026-09-27T09:06:59.1167275Z     attachment #3: trace (application/zip) ─────────────────────────────────────────────────────────
mobile-e2e	Run npm run e2e	2026-09-27T09:06:59.1168653Z     test-results/playwright/firebase-reentry-startup-p-95e02-nsport-activation-exception-android-chromium-portrait-touch-retry1/trace.zip
mobile-e2e	Run npm run e2e	2026-09-27T09:06:59.1169654Z     Usage:
mobile-e2e	Run npm run e2e	2026-09-27T09:06:59.1169823Z 
mobile-e2e	Run npm run e2e	2026-09-27T09:06:59.1170770Z         npx playwright show-trace test-results/playwright/firebase-reentry-startup-p-95e02-nsport-activation-exception-android-chromium-portrait-touch-retry1/trace.zip
mobile-e2e	Run npm run e2e	2026-09-27T09:06:59.1171850Z 
mobile-e2e	Run npm run e2e	2026-09-27T09:06:59.1172390Z     ────────────────────────────────────────────────────────────────────────────────────────────────
mobile-e2e	Run npm run e2e	2026-09-27T09:06:59.1172781Z 
mobile-e2e	Run npm run e2e	2026-09-27T09:06:59.1173506Z     Retry #2 ───────────────────────────────────────────────────────────────────────────────────────
mobile-e2e	Run npm run e2e	2026-09-27T09:06:59.1173922Z 
mobile-e2e	Run npm run e2e	2026-09-27T09:06:59.1174223Z     Error: expect(received).toBe(expected) // Object.is equality
mobile-e2e	Run npm run e2e	2026-09-27T09:06:59.1174631Z 
mobile-e2e	Run npm run e2e	2026-09-27T09:06:59.1174802Z     Expected: "playing"
mobile-e2e	Run npm run e2e	2026-09-27T09:06:59.1175497Z     Received: "ended"
mobile-e2e	Run npm run e2e	2026-09-27T09:06:59.1175838Z 
mobile-e2e	Run npm run e2e	2026-09-27T09:06:59.1175950Z     Call Log:
mobile-e2e	Run npm run e2e	2026-09-27T09:06:59.1176434Z     - Timeout 15000ms exceeded while waiting on the predicate
mobile-e2e	Run npm run e2e	2026-09-27T09:06:59.1176775Z 
mobile-e2e	Run npm run e2e	2026-09-27T09:06:59.1177055Z       708 |     }, { timeout: 15000 }).toBeGreaterThanOrEqual(1);
mobile-e2e	Run npm run e2e	2026-09-27T09:06:59.1177991Z       709 |     await expect.poll(async () => (await page.evaluate(() => globalThis.KatamonF4StartupBridge.state())).onlinePhase,
mobile-e2e	Run npm run e2e	2026-09-27T09:06:59.1178860Z     > 710 |       { timeout: 15000 }).toBe('playing');
mobile-e2e	Run npm run e2e	2026-09-27T09:06:59.1179341Z           |                           ^
mobile-e2e	Run npm run e2e	2026-09-27T09:06:59.1180049Z       711 |     const restored = await page.evaluate(() => globalThis.KatamonF4StartupBridge.state());
mobile-e2e	Run npm run e2e	2026-09-27T09:06:59.1180884Z       712 |     expect(restored, JSON.stringify(restored, null, 2)).toMatchObject({
mobile-e2e	Run npm run e2e	2026-09-27T09:06:59.1182467Z       713 |       gamePhase: 'battle', battleMode: 'normal', onlineKind: 'firebase', onlinePhase: 'playing',
mobile-e2e	Run npm run e2e	2026-09-27T09:06:59.1183930Z         at /home/runner/work/katamon/katamon/tests/e2e/firebase-reentry-startup-priority-phase3d8df4.spec.js:710:27
mobile-e2e	Run npm run e2e	2026-09-27T09:06:59.1184664Z 
mobile-e2e	Run npm run e2e	2026-09-27T09:06:59.1185374Z     attachment #1: screenshot (image/png) ──────────────────────────────────────────────────────────
mobile-e2e	Run npm run e2e	2026-09-27T09:06:59.1186915Z     test-results/playwright/firebase-reentry-startup-p-95e02-nsport-activation-exception-android-chromium-portrait-touch-retry2/test-failed-1.png
mobile-e2e	Run npm run e2e	2026-09-27T09:06:59.1188593Z     ────────────────────────────────────────────────────────────────────────────────────────────────
mobile-e2e	Run npm run e2e	2026-09-27T09:06:59.1189044Z 
mobile-e2e	Run npm run e2e	2026-09-27T09:06:59.1190131Z     Error Context: test-results/playwright/firebase-reentry-startup-p-95e02-nsport-activation-exception-android-chromium-portrait-touch-retry2/error-context.md
mobile-e2e	Run npm run e2e	2026-09-27T09:06:59.1191254Z 
mobile-e2e	Run npm run e2e	2026-09-27T09:06:59.1191872Z     attachment #3: trace (application/zip) ─────────────────────────────────────────────────────────
mobile-e2e	Run npm run e2e	2026-09-27T09:06:59.1193593Z     test-results/playwright/firebase-reentry-startup-p-95e02-nsport-activation-exception-android-chromium-portrait-touch-retry2/trace.zip
mobile-e2e	Run npm run e2e	2026-09-27T09:06:59.1194785Z     Usage:
mobile-e2e	Run npm run e2e	2026-09-27T09:06:59.1194947Z 
mobile-e2e	Run npm run e2e	2026-09-27T09:06:59.1196059Z         npx playwright show-trace test-results/playwright/firebase-reentry-startup-p-95e02-nsport-activation-exception-android-chromium-portrait-touch-retry2/trace.zip
mobile-e2e	Run npm run e2e	2026-09-27T09:06:59.1197204Z 
mobile-e2e	Run npm run e2e	2026-09-27T09:06:59.1197779Z     ────────────────────────────────────────────────────────────────────────────────────────────────
mobile-e2e	Run npm run e2e	2026-09-27T09:06:59.1198203Z 
mobile-e2e	Run npm run e2e	2026-09-27T09:06:59.1198212Z 
mobile-e2e	Run npm run e2e	2026-09-27T09:06:59.5273452Z [83/138] [android-chromium-portrait-touch] › tests/e2e/firebase-reentry-startup-priority-phase3d8df4.spec.js:726:1 › zero-input reload retries a transient canonical history read without losing its active guest identity
mobile-e2e	Run npm run e2e	2026-09-27T09:07:21.0658109Z [84/138] (retries) [android-chromium-portrait-touch] › tests/e2e/firebase-reentry-startup-priority-phase3d8df4.spec.js:726:1 › zero-input reload retries a transient canonical history read without losing its active guest identity (retry #1)
mobile-e2e	Run npm run e2e	2026-09-27T09:07:31.2425684Z   3) [android-chromium-portrait-touch] › tests/e2e/firebase-reentry-startup-priority-phase3d8df4.spec.js:726:1 › zero-input reload retries a transient canonical history read without losing its active guest identity 
mobile-e2e	Run npm run e2e	2026-09-27T09:07:31.2470094Z 
mobile-e2e	Run npm run e2e	2026-09-27T09:07:31.2504415Z     Error: expect(received).toBe(expected) // Object.is equality
mobile-e2e	Run npm run e2e	2026-09-27T09:07:31.2511827Z 
mobile-e2e	Run npm run e2e	2026-09-27T09:07:31.2525195Z     Expected: "playing"
mobile-e2e	Run npm run e2e	2026-09-27T09:07:31.2525964Z     Received: "ended"
mobile-e2e	Run npm run e2e	2026-09-27T09:07:31.2526372Z 
mobile-e2e	Run npm run e2e	2026-09-27T09:07:31.2526654Z     Call Log:
mobile-e2e	Run npm run e2e	2026-09-27T09:07:31.2527352Z     - Timeout 15000ms exceeded while waiting on the predicate
mobile-e2e	Run npm run e2e	2026-09-27T09:07:31.2527910Z 
mobile-e2e	Run npm run e2e	2026-09-27T09:07:31.2528261Z       741 |     await page.reload();
mobile-e2e	Run npm run e2e	2026-09-27T09:07:31.2529318Z       742 |     await expect.poll(async () => (await page.evaluate(() => globalThis.KatamonF4StartupBridge.state())).onlinePhase,
mobile-e2e	Run npm run e2e	2026-09-27T09:07:31.2530569Z     > 743 |       { timeout: 15000 }).toBe('playing');
mobile-e2e	Run npm run e2e	2026-09-27T09:07:31.2531257Z           |                           ^
mobile-e2e	Run npm run e2e	2026-09-27T09:07:31.2532309Z       744 |     const restored = await page.evaluate(() => globalThis.KatamonF4StartupBridge.state());
mobile-e2e	Run npm run e2e	2026-09-27T09:07:31.2533914Z       745 |     expect(restored, JSON.stringify(restored, null, 2)).toMatchObject({
mobile-e2e	Run npm run e2e	2026-09-27T09:07:31.2535063Z       746 |       gamePhase: 'battle', onlineKind: 'firebase', onlinePhase: 'playing',
mobile-e2e	Run npm run e2e	2026-09-27T09:07:31.2536537Z         at /home/runner/work/katamon/katamon/tests/e2e/firebase-reentry-startup-priority-phase3d8df4.spec.js:743:27
mobile-e2e	Run npm run e2e	2026-09-27T09:07:31.2537221Z 
mobile-e2e	Run npm run e2e	2026-09-27T09:07:31.2538189Z     attachment #1: screenshot (image/png) ──────────────────────────────────────────────────────────
mobile-e2e	Run npm run e2e	2026-09-27T09:07:31.2539875Z     test-results/playwright/firebase-reentry-startup-p-76e54-g-its-active-guest-identity-android-chromium-portrait-touch/test-failed-1.png
mobile-e2e	Run npm run e2e	2026-09-27T09:07:31.2541665Z     ────────────────────────────────────────────────────────────────────────────────────────────────
mobile-e2e	Run npm run e2e	2026-09-27T09:07:31.2542325Z 
mobile-e2e	Run npm run e2e	2026-09-27T09:07:31.2543525Z     Error Context: test-results/playwright/firebase-reentry-startup-p-76e54-g-its-active-guest-identity-android-chromium-portrait-touch/error-context.md
mobile-e2e	Run npm run e2e	2026-09-27T09:07:31.2544516Z 
mobile-e2e	Run npm run e2e	2026-09-27T09:07:31.2545251Z     attachment #3: trace (application/zip) ─────────────────────────────────────────────────────────
mobile-e2e	Run npm run e2e	2026-09-27T09:07:31.2546773Z     test-results/playwright/firebase-reentry-startup-p-76e54-g-its-active-guest-identity-android-chromium-portrait-touch/trace.zip
mobile-e2e	Run npm run e2e	2026-09-27T09:07:31.2547905Z     Usage:
mobile-e2e	Run npm run e2e	2026-09-27T09:07:31.2548185Z 
mobile-e2e	Run npm run e2e	2026-09-27T09:07:31.2549299Z         npx playwright show-trace test-results/playwright/firebase-reentry-startup-p-76e54-g-its-active-guest-identity-android-chromium-portrait-touch/trace.zip
mobile-e2e	Run npm run e2e	2026-09-27T09:07:31.2550403Z 
mobile-e2e	Run npm run e2e	2026-09-27T09:07:31.2551027Z     ────────────────────────────────────────────────────────────────────────────────────────────────
mobile-e2e	Run npm run e2e	2026-09-27T09:07:31.2552185Z 
mobile-e2e	Run npm run e2e	2026-09-27T09:07:31.2552302Z 
mobile-e2e	Run npm run e2e	2026-09-27T09:07:31.2554074Z [85/138] [android-chromium-portrait-touch] › tests/e2e/firebase-reentry-startup-priority-phase3d8df4.spec.js:757:1 › permission failure remains terminal without replacing or deleting the existing identity
mobile-e2e	Run npm run e2e	2026-09-27T09:07:37.7262844Z [86/138] [android-chromium-portrait-touch] › tests/e2e/firebase-reentry-startup-priority-phase3d8df4.spec.js:790:1 › host zero-input reload retries a transient history read and retains p1 authority
mobile-e2e	Run npm run e2e	2026-09-27T09:07:47.7004694Z [87/138] [android-chromium-portrait-touch] › tests/e2e/firebase-reentry-startup-priority-phase3d8df4.spec.js:826:1 › results reload retries a transient history read and restores a verified concede result once
mobile-e2e	Run npm run e2e	2026-09-27T09:08:08.2371845Z [88/138] (retries) [android-chromium-portrait-touch] › tests/e2e/firebase-reentry-startup-priority-phase3d8df4.spec.js:826:1 › results reload retries a transient history read and restores a verified concede result once (retry #1)
mobile-e2e	Run npm run e2e	2026-09-27T09:08:29.1294494Z [89/138] (retries) [android-chromium-portrait-touch] › tests/e2e/firebase-reentry-startup-priority-phase3d8df4.spec.js:826:1 › results reload retries a transient history read and restores a verified concede result once (retry #2)
mobile-e2e	Run npm run e2e	2026-09-27T09:08:49.7687828Z   4) [android-chromium-portrait-touch] › tests/e2e/firebase-reentry-startup-priority-phase3d8df4.spec.js:826:1 › results reload retries a transient history read and restores a verified concede result once 
mobile-e2e	Run npm run e2e	2026-09-27T09:08:49.7689078Z 
mobile-e2e	Run npm run e2e	2026-09-27T09:08:49.7690038Z     Error: expect(received).toBe(expected) // Object.is equality
mobile-e2e	Run npm run e2e	2026-09-27T09:08:49.7690548Z 
mobile-e2e	Run npm run e2e	2026-09-27T09:08:49.7690710Z     Expected: "results"
mobile-e2e	Run npm run e2e	2026-09-27T09:08:49.7691078Z     Received: "ended"
mobile-e2e	Run npm run e2e	2026-09-27T09:08:49.7691312Z 
mobile-e2e	Run npm run e2e	2026-09-27T09:08:49.7691447Z     Call Log:
mobile-e2e	Run npm run e2e	2026-09-27T09:08:49.7692003Z     - Timeout 15000ms exceeded while waiting on the predicate
mobile-e2e	Run npm run e2e	2026-09-27T09:08:49.7692405Z 
mobile-e2e	Run npm run e2e	2026-09-27T09:08:49.7692550Z       841 |
mobile-e2e	Run npm run e2e	2026-09-27T09:08:49.7693319Z       842 |     await page.reload();
mobile-e2e	Run npm run e2e	2026-09-27T09:08:49.7694512Z     > 843 |     await expect.poll(async () => (await page.evaluate(() => globalThis.KatamonF4StartupBridge.state())).onlinePhase, { timeout: 15000 }).toBe('results');
mobile-e2e	Run npm run e2e	2026-09-27T09:08:49.7695649Z           |                                                                                                                                           ^
mobile-e2e	Run npm run e2e	2026-09-27T09:08:49.7696557Z       844 |     const restored = await page.evaluate(() => globalThis.KatamonF4StartupBridge.state());
mobile-e2e	Run npm run e2e	2026-09-27T09:08:49.7697446Z       845 |     expect(restored, JSON.stringify(restored, null, 2)).toMatchObject({
mobile-e2e	Run npm run e2e	2026-09-27T09:08:49.7698221Z       846 |       onlineKind: 'firebase', onlinePhase: 'results', onlineSeat: 'e1',
mobile-e2e	Run npm run e2e	2026-09-27T09:08:49.7699252Z         at /home/runner/work/katamon/katamon/tests/e2e/firebase-reentry-startup-priority-phase3d8df4.spec.js:843:139
mobile-e2e	Run npm run e2e	2026-09-27T09:08:49.7699942Z 
mobile-e2e	Run npm run e2e	2026-09-27T09:08:49.7700679Z     attachment #1: screenshot (image/png) ──────────────────────────────────────────────────────────
mobile-e2e	Run npm run e2e	2026-09-27T09:08:49.7701965Z     test-results/playwright/firebase-reentry-startup-p-65e4c-erified-concede-result-once-android-chromium-portrait-touch/test-failed-1.png
mobile-e2e	Run npm run e2e	2026-09-27T09:08:49.7703550Z     ────────────────────────────────────────────────────────────────────────────────────────────────
mobile-e2e	Run npm run e2e	2026-09-27T09:08:49.7703948Z 
mobile-e2e	Run npm run e2e	2026-09-27T09:08:49.7704872Z     Error Context: test-results/playwright/firebase-reentry-startup-p-65e4c-erified-concede-result-once-android-chromium-portrait-touch/error-context.md
mobile-e2e	Run npm run e2e	2026-09-27T09:08:49.7705800Z 
mobile-e2e	Run npm run e2e	2026-09-27T09:08:49.7706400Z     attachment #3: trace (application/zip) ─────────────────────────────────────────────────────────
mobile-e2e	Run npm run e2e	2026-09-27T09:08:49.7707733Z     test-results/playwright/firebase-reentry-startup-p-65e4c-erified-concede-result-once-android-chromium-portrait-touch/trace.zip
mobile-e2e	Run npm run e2e	2026-09-27T09:08:49.7708668Z     Usage:
mobile-e2e	Run npm run e2e	2026-09-27T09:08:49.7708822Z 
mobile-e2e	Run npm run e2e	2026-09-27T09:08:49.7709681Z         npx playwright show-trace test-results/playwright/firebase-reentry-startup-p-65e4c-erified-concede-result-once-android-chromium-portrait-touch/trace.zip
mobile-e2e	Run npm run e2e	2026-09-27T09:08:49.7711571Z 
mobile-e2e	Run npm run e2e	2026-09-27T09:08:49.7712057Z     ────────────────────────────────────────────────────────────────────────────────────────────────
mobile-e2e	Run npm run e2e	2026-09-27T09:08:49.7712374Z 
mobile-e2e	Run npm run e2e	2026-09-27T09:08:49.7712892Z     Retry #1 ───────────────────────────────────────────────────────────────────────────────────────
mobile-e2e	Run npm run e2e	2026-09-27T09:08:49.7713477Z 
mobile-e2e	Run npm run e2e	2026-09-27T09:08:49.7713687Z     Error: expect(received).toBe(expected) // Object.is equality
mobile-e2e	Run npm run e2e	2026-09-27T09:08:49.7713964Z 
mobile-e2e	Run npm run e2e	2026-09-27T09:08:49.7714078Z     Expected: "results"
mobile-e2e	Run npm run e2e	2026-09-27T09:08:49.7714315Z     Received: "ended"
mobile-e2e	Run npm run e2e	2026-09-27T09:08:49.7714453Z 
mobile-e2e	Run npm run e2e	2026-09-27T09:08:49.7714544Z     Call Log:
mobile-e2e	Run npm run e2e	2026-09-27T09:08:49.7714850Z     - Timeout 15000ms exceeded while waiting on the predicate
mobile-e2e	Run npm run e2e	2026-09-27T09:08:49.7715079Z 
mobile-e2e	Run npm run e2e	2026-09-27T09:08:49.7715163Z       841 |
mobile-e2e	Run npm run e2e	2026-09-27T09:08:49.7715409Z       842 |     await page.reload();
mobile-e2e	Run npm run e2e	2026-09-27T09:08:49.7716079Z     > 843 |     await expect.poll(async () => (await page.evaluate(() => globalThis.KatamonF4StartupBridge.state())).onlinePhase, { timeout: 15000 }).toBe('results');
mobile-e2e	Run npm run e2e	2026-09-27T09:08:49.7716836Z           |                                                                                                                                           ^
mobile-e2e	Run npm run e2e	2026-09-27T09:08:49.7717407Z       844 |     const restored = await page.evaluate(() => globalThis.KatamonF4StartupBridge.state());
mobile-e2e	Run npm run e2e	2026-09-27T09:08:49.7717969Z       845 |     expect(restored, JSON.stringify(restored, null, 2)).toMatchObject({
mobile-e2e	Run npm run e2e	2026-09-27T09:08:49.7718469Z       846 |       onlineKind: 'firebase', onlinePhase: 'results', onlineSeat: 'e1',
mobile-e2e	Run npm run e2e	2026-09-27T09:08:49.7719112Z         at /home/runner/work/katamon/katamon/tests/e2e/firebase-reentry-startup-priority-phase3d8df4.spec.js:843:139
mobile-e2e	Run npm run e2e	2026-09-27T09:08:49.7719524Z 
mobile-e2e	Run npm run e2e	2026-09-27T09:08:49.7719913Z     attachment #1: screenshot (image/png) ──────────────────────────────────────────────────────────
mobile-e2e	Run npm run e2e	2026-09-27T09:08:49.7720841Z     test-results/playwright/firebase-reentry-startup-p-65e4c-erified-concede-result-once-android-chromium-portrait-touch-retry1/test-failed-1.png
mobile-e2e	Run npm run e2e	2026-09-27T09:08:49.7721771Z     ────────────────────────────────────────────────────────────────────────────────────────────────
mobile-e2e	Run npm run e2e	2026-09-27T09:08:49.7722029Z 
mobile-e2e	Run npm run e2e	2026-09-27T09:08:49.7722635Z     Error Context: test-results/playwright/firebase-reentry-startup-p-65e4c-erified-concede-result-once-android-chromium-portrait-touch-retry1/error-context.md
mobile-e2e	Run npm run e2e	2026-09-27T09:08:49.7723708Z 
mobile-e2e	Run npm run e2e	2026-09-27T09:08:49.7724098Z     attachment #3: trace (application/zip) ─────────────────────────────────────────────────────────
mobile-e2e	Run npm run e2e	2026-09-27T09:08:49.7724904Z     test-results/playwright/firebase-reentry-startup-p-65e4c-erified-concede-result-once-android-chromium-portrait-touch-retry1/trace.zip
mobile-e2e	Run npm run e2e	2026-09-27T09:08:49.7725530Z     Usage:
mobile-e2e	Run npm run e2e	2026-09-27T09:08:49.7725652Z 
mobile-e2e	Run npm run e2e	2026-09-27T09:08:49.7726258Z         npx playwright show-trace test-results/playwright/firebase-reentry-startup-p-65e4c-erified-concede-result-once-android-chromium-portrait-touch-retry1/trace.zip
mobile-e2e	Run npm run e2e	2026-09-27T09:08:49.7727095Z 
mobile-e2e	Run npm run e2e	2026-09-27T09:08:49.7727497Z     ────────────────────────────────────────────────────────────────────────────────────────────────
mobile-e2e	Run npm run e2e	2026-09-27T09:08:49.7727847Z 
mobile-e2e	Run npm run e2e	2026-09-27T09:08:49.7728298Z     Retry #2 ───────────────────────────────────────────────────────────────────────────────────────
mobile-e2e	Run npm run e2e	2026-09-27T09:08:49.7728679Z 
mobile-e2e	Run npm run e2e	2026-09-27T09:08:49.7728945Z     Error: expect(received).toBe(expected) // Object.is equality
mobile-e2e	Run npm run e2e	2026-09-27T09:08:49.7729279Z 
mobile-e2e	Run npm run e2e	2026-09-27T09:08:49.7729412Z     Expected: "results"
mobile-e2e	Run npm run e2e	2026-09-27T09:08:49.7729722Z     Received: "ended"
mobile-e2e	Run npm run e2e	2026-09-27T09:08:49.7729909Z 
mobile-e2e	Run npm run e2e	2026-09-27T09:08:49.7730025Z     Call Log:
mobile-e2e	Run npm run e2e	2026-09-27T09:08:49.7730414Z     - Timeout 15000ms exceeded while waiting on the predicate
mobile-e2e	Run npm run e2e	2026-09-27T09:08:49.7730720Z 
mobile-e2e	Run npm run e2e	2026-09-27T09:08:49.7730823Z       841 |
mobile-e2e	Run npm run e2e	2026-09-27T09:08:49.7731121Z       842 |     await page.reload();
mobile-e2e	Run npm run e2e	2026-09-27T09:08:49.7732050Z     > 843 |     await expect.poll(async () => (await page.evaluate(() => globalThis.KatamonF4StartupBridge.state())).onlinePhase, { timeout: 15000 }).toBe('results');
mobile-e2e	Run npm run e2e	2026-09-27T09:08:49.7733242Z           |                                                                                                                                           ^
mobile-e2e	Run npm run e2e	2026-09-27T09:08:49.7734074Z       844 |     const restored = await page.evaluate(() => globalThis.KatamonF4StartupBridge.state());
mobile-e2e	Run npm run e2e	2026-09-27T09:08:49.7734883Z       845 |     expect(restored, JSON.stringify(restored, null, 2)).toMatchObject({
mobile-e2e	Run npm run e2e	2026-09-27T09:08:49.7735764Z       846 |       onlineKind: 'firebase', onlinePhase: 'results', onlineSeat: 'e1',
mobile-e2e	Run npm run e2e	2026-09-27T09:08:49.7736831Z         at /home/runner/work/katamon/katamon/tests/e2e/firebase-reentry-startup-priority-phase3d8df4.spec.js:843:139
mobile-e2e	Run npm run e2e	2026-09-27T09:08:49.7737456Z 
mobile-e2e	Run npm run e2e	2026-09-27T09:08:49.7738018Z     attachment #1: screenshot (image/png) ──────────────────────────────────────────────────────────
mobile-e2e	Run npm run e2e	2026-09-27T09:08:49.7739321Z     test-results/playwright/firebase-reentry-startup-p-65e4c-erified-concede-result-once-android-chromium-portrait-touch-retry2/test-failed-1.png
mobile-e2e	Run npm run e2e	2026-09-27T09:08:49.7740632Z     ────────────────────────────────────────────────────────────────────────────────────────────────
mobile-e2e	Run npm run e2e	2026-09-27T09:08:49.7740990Z 
mobile-e2e	Run npm run e2e	2026-09-27T09:08:49.7741860Z     Error Context: test-results/playwright/firebase-reentry-startup-p-65e4c-erified-concede-result-once-android-chromium-portrait-touch-retry2/error-context.md
mobile-e2e	Run npm run e2e	2026-09-27T09:08:49.7742754Z 
mobile-e2e	Run npm run e2e	2026-09-27T09:08:49.7743373Z     attachment #3: trace (application/zip) ─────────────────────────────────────────────────────────
mobile-e2e	Run npm run e2e	2026-09-27T09:08:49.7744560Z     test-results/playwright/firebase-reentry-startup-p-65e4c-erified-concede-result-once-android-chromium-portrait-touch-retry2/trace.zip
mobile-e2e	Run npm run e2e	2026-09-27T09:08:49.7745460Z     Usage:
mobile-e2e	Run npm run e2e	2026-09-27T09:08:49.7745601Z 
mobile-e2e	Run npm run e2e	2026-09-27T09:08:49.7746502Z         npx playwright show-trace test-results/playwright/firebase-reentry-startup-p-65e4c-erified-concede-result-once-android-chromium-portrait-touch-retry2/trace.zip
mobile-e2e	Run npm run e2e	2026-09-27T09:08:49.7747683Z 
mobile-e2e	Run npm run e2e	2026-09-27T09:08:49.7748111Z     ────────────────────────────────────────────────────────────────────────────────────────────────
mobile-e2e	Run npm run e2e	2026-09-27T09:08:49.7748452Z 
mobile-e2e	Run npm run e2e	2026-09-27T09:08:49.7748460Z 
mobile-e2e	Run npm run e2e	2026-09-27T09:08:50.1922695Z [90/138] [android-chromium-portrait-touch] › tests/e2e/firebase-reentry-startup-priority-phase3d8df4.spec.js:859:1 › Gear ON reload retries a transient history read and restores the verified manifest runtime
mobile-e2e	Run npm run e2e	2026-09-27T09:09:11.0645877Z [91/138] (retries) [android-chromium-portrait-touch] › tests/e2e/firebase-reentry-startup-priority-phase3d8df4.spec.js:859:1 › Gear ON reload retries a transient history read and restores the verified manifest runtime (retry #1)
mobile-e2e	Run npm run e2e	2026-09-27T09:09:32.0098235Z [92/138] (retries) [android-chromium-portrait-touch] › tests/e2e/firebase-reentry-startup-priority-phase3d8df4.spec.js:859:1 › Gear ON reload retries a transient history read and restores the verified manifest runtime (retry #2)
mobile-e2e	Run npm run e2e	2026-09-27T09:09:52.4965925Z   5) [android-chromium-portrait-touch] › tests/e2e/firebase-reentry-startup-priority-phase3d8df4.spec.js:859:1 › Gear ON reload retries a transient history read and restores the verified manifest runtime 
mobile-e2e	Run npm run e2e	2026-09-27T09:09:52.4967162Z 
mobile-e2e	Run npm run e2e	2026-09-27T09:09:52.4967591Z     Error: expect(received).toBe(expected) // Object.is equality
mobile-e2e	Run npm run e2e	2026-09-27T09:09:52.4968035Z 
mobile-e2e	Run npm run e2e	2026-09-27T09:09:52.4968261Z     Expected: "playing"
mobile-e2e	Run npm run e2e	2026-09-27T09:09:52.4968688Z     Received: "ended"
mobile-e2e	Run npm run e2e	2026-09-27T09:09:52.4969014Z 
mobile-e2e	Run npm run e2e	2026-09-27T09:09:52.4969156Z     Call Log:
mobile-e2e	Run npm run e2e	2026-09-27T09:09:52.4969522Z     - Timeout 15000ms exceeded while waiting on the predicate
mobile-e2e	Run npm run e2e	2026-09-27T09:09:52.4969923Z 
mobile-e2e	Run npm run e2e	2026-09-27T09:09:52.4970156Z       875 |     await page.reload();
mobile-e2e	Run npm run e2e	2026-09-27T09:09:52.4971028Z       876 |     await expect.poll(async () => (await page.evaluate(() => globalThis.KatamonF4StartupBridge.state())).onlinePhase,
mobile-e2e	Run npm run e2e	2026-09-27T09:09:52.4971777Z     > 877 |       { timeout: 15000 }).toBe('playing');
mobile-e2e	Run npm run e2e	2026-09-27T09:09:52.4972126Z           |                           ^
mobile-e2e	Run npm run e2e	2026-09-27T09:09:52.4972610Z       878 |     const restored = await page.evaluate(() => globalThis.KatamonF4StartupBridge.state());
mobile-e2e	Run npm run e2e	2026-09-27T09:09:52.4973391Z       879 |     expect(restored, JSON.stringify(restored, null, 2)).toMatchObject({
mobile-e2e	Run npm run e2e	2026-09-27T09:09:52.4973908Z       880 |       gamePhase: 'battle', onlineKind: 'firebase', onlinePhase: 'playing',
mobile-e2e	Run npm run e2e	2026-09-27T09:09:52.4974563Z         at /home/runner/work/katamon/katamon/tests/e2e/firebase-reentry-startup-priority-phase3d8df4.spec.js:877:27
mobile-e2e	Run npm run e2e	2026-09-27T09:09:52.4974969Z 
mobile-e2e	Run npm run e2e	2026-09-27T09:09:52.4975421Z     attachment #1: screenshot (image/png) ──────────────────────────────────────────────────────────
mobile-e2e	Run npm run e2e	2026-09-27T09:09:52.4976437Z     test-results/playwright/firebase-reentry-startup-p-926a9-e-verified-manifest-runtime-android-chromium-portrait-touch/test-failed-1.png
mobile-e2e	Run npm run e2e	2026-09-27T09:09:52.4977533Z     ────────────────────────────────────────────────────────────────────────────────────────────────
mobile-e2e	Run npm run e2e	2026-09-27T09:09:52.4978132Z 
mobile-e2e	Run npm run e2e	2026-09-27T09:09:52.4978706Z     Error Context: test-results/playwright/firebase-reentry-startup-p-926a9-e-verified-manifest-runtime-android-chromium-portrait-touch/error-context.md
mobile-e2e	Run npm run e2e	2026-09-27T09:09:52.4979272Z 
mobile-e2e	Run npm run e2e	2026-09-27T09:09:52.4979641Z     attachment #3: trace (application/zip) ─────────────────────────────────────────────────────────
mobile-e2e	Run npm run e2e	2026-09-27T09:09:52.4980449Z     test-results/playwright/firebase-reentry-startup-p-926a9-e-verified-manifest-runtime-android-chromium-portrait-touch/trace.zip
mobile-e2e	Run npm run e2e	2026-09-27T09:09:52.4981035Z     Usage:
mobile-e2e	Run npm run e2e	2026-09-27T09:09:52.4981156Z 
mobile-e2e	Run npm run e2e	2026-09-27T09:09:52.4981732Z         npx playwright show-trace test-results/playwright/firebase-reentry-startup-p-926a9-e-verified-manifest-runtime-android-chromium-portrait-touch/trace.zip
mobile-e2e	Run npm run e2e	2026-09-27T09:09:52.4982299Z 
mobile-e2e	Run npm run e2e	2026-09-27T09:09:52.4982643Z     ────────────────────────────────────────────────────────────────────────────────────────────────
mobile-e2e	Run npm run e2e	2026-09-27T09:09:52.4982894Z 
mobile-e2e	Run npm run e2e	2026-09-27T09:09:52.4983385Z     Retry #1 ───────────────────────────────────────────────────────────────────────────────────────
mobile-e2e	Run npm run e2e	2026-09-27T09:09:52.4983949Z 
mobile-e2e	Run npm run e2e	2026-09-27T09:09:52.4984220Z     Error: expect(received).toBe(expected) // Object.is equality
mobile-e2e	Run npm run e2e	2026-09-27T09:09:52.4984553Z 
mobile-e2e	Run npm run e2e	2026-09-27T09:09:52.4984678Z     Expected: "playing"
mobile-e2e	Run npm run e2e	2026-09-27T09:09:52.4984998Z     Received: "ended"
mobile-e2e	Run npm run e2e	2026-09-27T09:09:52.4985180Z 
mobile-e2e	Run npm run e2e	2026-09-27T09:09:52.4985299Z     Call Log:
mobile-e2e	Run npm run e2e	2026-09-27T09:09:52.4985692Z     - Timeout 15000ms exceeded while waiting on the predicate
mobile-e2e	Run npm run e2e	2026-09-27T09:09:52.4986013Z 
mobile-e2e	Run npm run e2e	2026-09-27T09:09:52.4986172Z       875 |     await page.reload();
mobile-e2e	Run npm run e2e	2026-09-27T09:09:52.4986877Z       876 |     await expect.poll(async () => (await page.evaluate(() => globalThis.KatamonF4StartupBridge.state())).onlinePhase,
mobile-e2e	Run npm run e2e	2026-09-27T09:09:52.4987594Z     > 877 |       { timeout: 15000 }).toBe('playing');
mobile-e2e	Run npm run e2e	2026-09-27T09:09:52.4987988Z           |                           ^
mobile-e2e	Run npm run e2e	2026-09-27T09:09:52.4988605Z       878 |     const restored = await page.evaluate(() => globalThis.KatamonF4StartupBridge.state());
mobile-e2e	Run npm run e2e	2026-09-27T09:09:52.4989382Z       879 |     expect(restored, JSON.stringify(restored, null, 2)).toMatchObject({
mobile-e2e	Run npm run e2e	2026-09-27T09:09:52.4990080Z       880 |       gamePhase: 'battle', onlineKind: 'firebase', onlinePhase: 'playing',
mobile-e2e	Run npm run e2e	2026-09-27T09:09:52.4991031Z         at /home/runner/work/katamon/katamon/tests/e2e/firebase-reentry-startup-priority-phase3d8df4.spec.js:877:27
mobile-e2e	Run npm run e2e	2026-09-27T09:09:52.4991734Z 
mobile-e2e	Run npm run e2e	2026-09-27T09:09:52.4992373Z     attachment #1: screenshot (image/png) ──────────────────────────────────────────────────────────
mobile-e2e	Run npm run e2e	2026-09-27T09:09:52.4993995Z     test-results/playwright/firebase-reentry-startup-p-926a9-e-verified-manifest-runtime-android-chromium-portrait-touch-retry1/test-failed-1.png
mobile-e2e	Run npm run e2e	2026-09-27T09:09:52.4995366Z     ────────────────────────────────────────────────────────────────────────────────────────────────
mobile-e2e	Run npm run e2e	2026-09-27T09:09:52.4995741Z 
mobile-e2e	Run npm run e2e	2026-09-27T09:09:52.4996674Z     Error Context: test-results/playwright/firebase-reentry-startup-p-926a9-e-verified-manifest-runtime-android-chromium-portrait-touch-retry1/error-context.md
mobile-e2e	Run npm run e2e	2026-09-27T09:09:52.4997609Z 
mobile-e2e	Run npm run e2e	2026-09-27T09:09:52.4998087Z     attachment #3: trace (application/zip) ─────────────────────────────────────────────────────────
mobile-e2e	Run npm run e2e	2026-09-27T09:09:52.4999239Z     test-results/playwright/firebase-reentry-startup-p-926a9-e-verified-manifest-runtime-android-chromium-portrait-touch-retry1/trace.zip
mobile-e2e	Run npm run e2e	2026-09-27T09:09:52.5000105Z     Usage:
mobile-e2e	Run npm run e2e	2026-09-27T09:09:52.5000249Z 
mobile-e2e	Run npm run e2e	2026-09-27T09:09:52.5001127Z         npx playwright show-trace test-results/playwright/firebase-reentry-startup-p-926a9-e-verified-manifest-runtime-android-chromium-portrait-touch-retry1/trace.zip
mobile-e2e	Run npm run e2e	2026-09-27T09:09:52.5002021Z 
mobile-e2e	Run npm run e2e	2026-09-27T09:09:52.5002432Z     ────────────────────────────────────────────────────────────────────────────────────────────────
mobile-e2e	Run npm run e2e	2026-09-27T09:09:52.5002785Z 
mobile-e2e	Run npm run e2e	2026-09-27T09:09:52.5003323Z     Retry #2 ───────────────────────────────────────────────────────────────────────────────────────
mobile-e2e	Run npm run e2e	2026-09-27T09:09:52.5003681Z 
mobile-e2e	Run npm run e2e	2026-09-27T09:09:52.5004134Z     Error: expect(received).toBe(expected) // Object.is equality
mobile-e2e	Run npm run e2e	2026-09-27T09:09:52.5004653Z 
mobile-e2e	Run npm run e2e	2026-09-27T09:09:52.5004818Z     Expected: "playing"
mobile-e2e	Run npm run e2e	2026-09-27T09:09:52.5005145Z     Received: "ended"
mobile-e2e	Run npm run e2e	2026-09-27T09:09:52.5005333Z 
mobile-e2e	Run npm run e2e	2026-09-27T09:09:52.5005445Z     Call Log:
mobile-e2e	Run npm run e2e	2026-09-27T09:09:52.5005859Z     - Timeout 15000ms exceeded while waiting on the predicate
mobile-e2e	Run npm run e2e	2026-09-27T09:09:52.5006191Z 
mobile-e2e	Run npm run e2e	2026-09-27T09:09:52.5006349Z       875 |     await page.reload();
mobile-e2e	Run npm run e2e	2026-09-27T09:09:52.5007057Z       876 |     await expect.poll(async () => (await page.evaluate(() => globalThis.KatamonF4StartupBridge.state())).onlinePhase,
mobile-e2e	Run npm run e2e	2026-09-27T09:09:52.5007757Z     > 877 |       { timeout: 15000 }).toBe('playing');
mobile-e2e	Run npm run e2e	2026-09-27T09:09:52.5008157Z           |                           ^
mobile-e2e	Run npm run e2e	2026-09-27T09:09:52.5008837Z       878 |     const restored = await page.evaluate(() => globalThis.KatamonF4StartupBridge.state());
mobile-e2e	Run npm run e2e	2026-09-27T09:09:52.5009691Z       879 |     expect(restored, JSON.stringify(restored, null, 2)).toMatchObject({
mobile-e2e	Run npm run e2e	2026-09-27T09:09:52.5010472Z       880 |       gamePhase: 'battle', onlineKind: 'firebase', onlinePhase: 'playing',
mobile-e2e	Run npm run e2e	2026-09-27T09:09:52.5011454Z         at /home/runner/work/katamon/katamon/tests/e2e/firebase-reentry-startup-priority-phase3d8df4.spec.js:877:27
mobile-e2e	Run npm run e2e	2026-09-27T09:09:52.5012090Z 
mobile-e2e	Run npm run e2e	2026-09-27T09:09:52.5012668Z     attachment #1: screenshot (image/png) ──────────────────────────────────────────────────────────
mobile-e2e	Run npm run e2e	2026-09-27T09:09:52.5014092Z     test-results/playwright/firebase-reentry-startup-p-926a9-e-verified-manifest-runtime-android-chromium-portrait-touch-retry2/test-failed-1.png
mobile-e2e	Run npm run e2e	2026-09-27T09:09:52.5015454Z     ────────────────────────────────────────────────────────────────────────────────────────────────
mobile-e2e	Run npm run e2e	2026-09-27T09:09:52.5015828Z 
mobile-e2e	Run npm run e2e	2026-09-27T09:09:52.5016753Z     Error Context: test-results/playwright/firebase-reentry-startup-p-926a9-e-verified-manifest-runtime-android-chromium-portrait-touch-retry2/error-context.md
mobile-e2e	Run npm run e2e	2026-09-27T09:09:52.5017730Z 
mobile-e2e	Run npm run e2e	2026-09-27T09:09:52.5018250Z     attachment #3: trace (application/zip) ─────────────────────────────────────────────────────────
mobile-e2e	Run npm run e2e	2026-09-27T09:09:52.5019495Z     test-results/playwright/firebase-reentry-startup-p-926a9-e-verified-manifest-runtime-android-chromium-portrait-touch-retry2/trace.zip
mobile-e2e	Run npm run e2e	2026-09-27T09:09:52.5020364Z     Usage:
mobile-e2e	Run npm run e2e	2026-09-27T09:09:52.5020506Z 
mobile-e2e	Run npm run e2e	2026-09-27T09:09:52.5021422Z         npx playwright show-trace test-results/playwright/firebase-reentry-startup-p-926a9-e-verified-manifest-runtime-android-chromium-portrait-touch-retry2/trace.zip
mobile-e2e	Run npm run e2e	2026-09-27T09:09:52.5022394Z 
mobile-e2e	Run npm run e2e	2026-09-27T09:09:52.5022841Z     ────────────────────────────────────────────────────────────────────────────────────────────────
mobile-e2e	Run npm run e2e	2026-09-27T09:09:52.5023299Z 
mobile-e2e	Run npm run e2e	2026-09-27T09:09:52.5023320Z 
mobile-e2e	Run npm run e2e	2026-09-27T09:09:52.9233549Z [93/138] [android-chromium-portrait-touch] › tests/e2e/firebase-reentry-startup-priority-phase3d8df4.spec.js:894:1 › 2v2 support zero-input reload retries a transient history read and restores s1 only as p2
mobile-e2e	Run npm run e2e	2026-09-27T09:10:13.6589197Z [94/138] (retries) [android-chromium-portrait-touch] › tests/e2e/firebase-reentry-startup-priority-phase3d8df4.spec.js:894:1 › 2v2 support zero-input reload retries a transient history read and restores s1 only as p2 (retry #1)
mobile-e2e	Run npm run e2e	2026-09-27T09:10:20.3338703Z   6) [android-chromium-portrait-touch] › tests/e2e/firebase-reentry-startup-priority-phase3d8df4.spec.js:894:1 › 2v2 support zero-input reload retries a transient history read and restores s1 only as p2 
mobile-e2e	Run npm run e2e	2026-09-27T09:10:20.3340034Z 
mobile-e2e	Run npm run e2e	2026-09-27T09:10:20.3340407Z     Error: expect(received).toBe(expected) // Object.is equality
mobile-e2e	Run npm run e2e	2026-09-27T09:10:20.3340795Z 
mobile-e2e	Run npm run e2e	2026-09-27T09:10:20.3341049Z     Expected: "playing"
mobile-e2e	Run npm run e2e	2026-09-27T09:10:20.3341454Z     Received: "ended"
mobile-e2e	Run npm run e2e	2026-09-27T09:10:20.3341727Z 
mobile-e2e	Run npm run e2e	2026-09-27T09:10:20.3341915Z     Call Log:
mobile-e2e	Run npm run e2e	2026-09-27T09:10:20.3342381Z     - Timeout 15000ms exceeded while waiting on the predicate
mobile-e2e	Run npm run e2e	2026-09-27T09:10:20.3342721Z 
mobile-e2e	Run npm run e2e	2026-09-27T09:10:20.3342842Z       913 |
mobile-e2e	Run npm run e2e	2026-09-27T09:10:20.3343341Z       914 |     await page.reload();
mobile-e2e	Run npm run e2e	2026-09-27T09:10:20.3344301Z     > 915 |     await expect.poll(async () => (await page.evaluate(() => globalThis.KatamonF4StartupBridge.state())).onlinePhase, { timeout: 15000 }).toBe('playing');
mobile-e2e	Run npm run e2e	2026-09-27T09:10:20.3345309Z           |                                                                                                                                           ^
mobile-e2e	Run npm run e2e	2026-09-27T09:10:20.3346110Z       916 |     const restored = await page.evaluate(() => globalThis.KatamonF4StartupBridge.state());
mobile-e2e	Run npm run e2e	2026-09-27T09:10:20.3346900Z       917 |     expect(restored, JSON.stringify(restored, null, 2)).toMatchObject({
mobile-e2e	Run npm run e2e	2026-09-27T09:10:20.3347661Z       918 |       gamePhase: 'battle', onlineKind: 'firebase', onlinePhase: 'playing',
mobile-e2e	Run npm run e2e	2026-09-27T09:10:20.3348650Z         at /home/runner/work/katamon/katamon/tests/e2e/firebase-reentry-startup-priority-phase3d8df4.spec.js:915:139
mobile-e2e	Run npm run e2e	2026-09-27T09:10:20.3349261Z 
mobile-e2e	Run npm run e2e	2026-09-27T09:10:20.3349853Z     attachment #1: screenshot (image/png) ──────────────────────────────────────────────────────────
mobile-e2e	Run npm run e2e	2026-09-27T09:10:20.3364086Z     test-results/playwright/firebase-reentry-startup-p-6d9a5--and-restores-s1-only-as-p2-android-chromium-portrait-touch/test-failed-1.png
mobile-e2e	Run npm run e2e	2026-09-27T09:10:20.3385943Z     ────────────────────────────────────────────────────────────────────────────────────────────────
mobile-e2e	Run npm run e2e	2026-09-27T09:10:20.3386503Z 
mobile-e2e	Run npm run e2e	2026-09-27T09:10:20.3387558Z     Error Context: test-results/playwright/firebase-reentry-startup-p-6d9a5--and-restores-s1-only-as-p2-android-chromium-portrait-touch/error-context.md
mobile-e2e	Run npm run e2e	2026-09-27T09:10:20.3388601Z 
mobile-e2e	Run npm run e2e	2026-09-27T09:10:20.3389366Z     attachment #3: trace (application/zip) ─────────────────────────────────────────────────────────
mobile-e2e	Run npm run e2e	2026-09-27T09:10:20.3390796Z     test-results/playwright/firebase-reentry-startup-p-6d9a5--and-restores-s1-only-as-p2-android-chromium-portrait-touch/trace.zip
mobile-e2e	Run npm run e2e	2026-09-27T09:10:20.3391820Z     Usage:
mobile-e2e	Run npm run e2e	2026-09-27T09:10:20.3392006Z 
mobile-e2e	Run npm run e2e	2026-09-27T09:10:20.3393213Z         npx playwright show-trace test-results/playwright/firebase-reentry-startup-p-6d9a5--and-restores-s1-only-as-p2-android-chromium-portrait-touch/trace.zip
mobile-e2e	Run npm run e2e	2026-09-27T09:10:20.3394735Z 
mobile-e2e	Run npm run e2e	2026-09-27T09:10:20.3395359Z     ────────────────────────────────────────────────────────────────────────────────────────────────
mobile-e2e	Run npm run e2e	2026-09-27T09:10:20.3395814Z 
mobile-e2e	Run npm run e2e	2026-09-27T09:10:20.3395825Z 
mobile-e2e	Run npm run e2e	2026-09-27T09:10:20.3397430Z [95/138] [android-chromium-portrait-touch] › tests/e2e/firebase-reentry-startup-priority-phase3d8df4.spec.js:930:1 › host bfcache pagehide/pageshow retains its live room-seat authority and exclusive lease
mobile-e2e	Run npm run e2e	2026-09-27T09:10:23.2784155Z [96/138] [android-chromium-portrait-touch] › tests/e2e/font-repair.spec.js:23:1 › shipped display labels decode in both browsers without mixed fallback glyphs
mobile-e2e	Run npm run e2e	2026-09-27T09:10:23.8960671Z [97/138] [android-chromium-portrait-touch] › tests/e2e/font-repair.spec.js:39:1 › first title tap activates UI fonts without a Service Worker or T2 completion
mobile-e2e	Run npm run e2e	2026-09-27T09:10:31.7355990Z [98/138] [android-chromium-portrait-touch] › tests/e2e/game-shell.spec.js:67:3 › カタモン本体の基本導線 › 協力ボスの味方AI3席を縦画面で選び、席別設定へ保存する
mobile-e2e	Run npm run e2e	2026-09-27T09:10:32.3740311Z [99/138] [android-chromium-portrait-touch] › tests/e2e/game-shell.spec.js:93:3 › カタモン本体の基本導線 › Web Locks非対応端末は協力部屋作成を安全に止める
mobile-e2e	Run npm run e2e	2026-09-27T09:10:33.0054337Z [100/138] [android-chromium-portrait-touch] › tests/e2e/game-shell.spec.js:104:3 › カタモン本体の基本導線 › 協力4vs1 fixtureが通常対戦エンジン上で5体・大型立体鋼鉄として起動する
mobile-e2e	Run npm run e2e	2026-09-27T09:10:54.1237932Z [101/138] [android-chromium-portrait-touch] › tests/e2e/game-shell.spec.js:168:3 › カタモン本体の基本導線 › タイトル、CPU開始、演習、チュートリアルでページエラーを出さない
mobile-e2e	Run npm run e2e	2026-09-27T09:11:10.1962371Z [102/138] [android-chromium-portrait-touch] › tests/e2e/game-shell.spec.js:195:3 › カタモン本体の基本導線 › 公開ONの協力MVP入口とGARAGEのショップ・実績がスマホ内へ収まる
mobile-e2e	Run npm run e2e	2026-09-27T09:11:18.2676609Z [103/138] [android-chromium-portrait-touch] › tests/e2e/game-shell.spec.js:245:3 › カタモン本体の基本導線 › Android縦画面で長いスワイプだけがGARAGEへ進み、短いスワイプはBATTLEへ戻る
mobile-e2e	Run npm run e2e	2026-09-27T09:11:30.0703786Z [104/138] [android-chromium-portrait-touch] › tests/e2e/gameplay-ux-priority.spec.js:3:1 › サウンドテスト音量はWebAudio fallbackでもゲーム設定へ追従する
mobile-e2e	Run npm run e2e	2026-09-27T09:11:32.3284137Z [105/138] [android-chromium-portrait-touch] › tests/e2e/gear-asset-ui-integration-phase4f.spec.js:3:1 › Workbench・Storage・Drop Revealは同じ部位シルエットとセット紋章を合成表示する
mobile-e2e	Run npm run e2e	2026-09-27T09:11:37.5182828Z [106/138] [android-chromium-portrait-touch] › tests/e2e/gear-drop-reveal-phase4c.spec.js:3:1 › canonical CPU Gear rewardを6P位置でrevealしWorkbenchの同slotへ案内する
mobile-e2e	Run npm run e2e	2026-09-27T09:11:45.3489571Z [107/138] [android-chromium-portrait-touch] › tests/e2e/gear-drop-reveal-phase4c.spec.js:133:1 › Gear 0個の素材報酬も閉じて再表示し、一度だけ明示受取できる
mobile-e2e	Run npm run e2e	2026-09-27T09:11:49.3380883Z [108/138] [android-chromium-portrait-touch] › tests/e2e/gear-drop-reveal-phase4c.spec.js:215:1 › claim失敗はpendingを保ち、満杯inventoryでは既存authorityがTEMP BOXへroutingする
mobile-e2e	Run npm run e2e	2026-09-27T09:11:53.6313403Z [109/138] [android-chromium-portrait-touch] › tests/e2e/gear-drop-reveal-phase4c.spec.js:253:1 › reduced motionでも同じ部位情報をanimationなしで読める
mobile-e2e	Run npm run e2e	2026-09-27T09:11:56.2976039Z [110/138] [android-chromium-portrait-touch] › tests/e2e/gear-enhance-dismantle-phase4e.spec.js:26:1 › Gear強化と安全なmanual dismantleをcanonical authorityで完了する
mobile-e2e	Run npm run e2e	2026-09-27T09:12:05.8459511Z [111/138] [android-chromium-portrait-touch] › tests/e2e/gear-enhance-dismantle-phase4e.spec.js:62:1 › locked/preset/TEMP writer safetyとdouble tapは二重mutationを起こさない
mobile-e2e	Run npm run e2e	2026-09-27T09:12:09.9579303Z [112/138] [android-chromium-portrait-touch] › tests/e2e/gear-guide-phase4k.spec.js:3:1 › 初回claim後のGEARを見るから3ページGuideを経て同slot Workbenchへ進む
mobile-e2e	Run npm run e2e	2026-09-27T09:12:17.1829767Z [113/138] [android-chromium-portrait-touch] › tests/e2e/gear-guide-phase4k.spec.js:94:1 › 常設入口・skip・responsiveはstorage mutationなしで機能する
mobile-e2e	Run npm run e2e	2026-09-27T09:12:20.0045563Z [114/138] [android-chromium-portrait-touch] › tests/e2e/gear-inventory-tempbox-phase4d.spec.js:3:1 › Gear Storageで500件Inventory・TEMP BOX・未受取を安全に管理できる
mobile-e2e	Run npm run e2e	2026-09-27T09:12:30.1971405Z [115/138] [android-chromium-portrait-touch] › tests/e2e/gear-inventory-tempbox-phase4d.spec.js:95:1 › 選択中presetだけを装備中とし他presetを区別する
mobile-e2e	Run npm run e2e	2026-09-27T09:12:33.2926133Z [116/138] [android-chromium-portrait-touch] › tests/e2e/gear-set-emblem-inline-detail-phase4m.spec.js:112:1 › 紋章タップでDomain準拠のセット効果を表示し、6枠の2行を全幅で読みやすく保つ
mobile-e2e	Run npm run e2e	2026-09-27T09:12:35.6483777Z [android-chromium-portrait-touch] › tests/e2e/gear-set-emblem-inline-detail-phase4m.spec.js:112:1 › 紋章タップでDomain準拠のセット効果を表示し、6枠の2行を全幅で読みやすく保つ
mobile-e2e	Run npm run e2e	2026-09-27T09:12:35.6484980Z phase4m 412x915: part 10px, set 11.6px, truncation/overlap/overflow 0
mobile-e2e	Run npm run e2e	2026-09-27T09:12:35.6487234Z 
mobile-e2e	Run npm run e2e	2026-09-27T09:12:36.5903565Z phase4m 390x844: part 8.8px, set 9.4px, truncation/overlap/overflow 0
mobile-e2e	Run npm run e2e	2026-09-27T09:12:36.5904652Z 
mobile-e2e	Run npm run e2e	2026-09-27T09:12:37.2770435Z phase4m 320x640: part 7.8px, set 8.4px, truncation/overlap/overflow 0
mobile-e2e	Run npm run e2e	2026-09-27T09:12:37.2771757Z 
mobile-e2e	Run npm run e2e	2026-09-27T09:12:37.9974610Z phase4m 1280x900: part 10px, set 11.6px, truncation/overlap/overflow 0
mobile-e2e	Run npm run e2e	2026-09-27T09:12:37.9975191Z 
mobile-e2e	Run npm run e2e	2026-09-27T09:12:41.9975534Z [117/138] [android-chromium-portrait-touch] › tests/e2e/gear-slot-frame-phase4b.spec.js:3:1 › 6Pチーズ型Gear slotを位置で識別し、比較・装備・更新発光まで完了できる
mobile-e2e	Run npm run e2e	2026-09-27T09:12:48.3448805Z [118/138] [android-chromium-portrait-touch] › tests/e2e/gear-status-visual-language-phase4s.spec.js:45:1 › 未装備slotと日本語status語彙を全幅で維持する
mobile-e2e	Run npm run e2e	2026-09-27T09:12:53.1622485Z [119/138] [android-chromium-portrait-touch] › tests/e2e/gear-tab-level-alignment-phase4t.spec.js:38:1 › 装備と所持品のヘッダー・カテゴリ・タブ段を全幅で固定する
mobile-e2e	Run npm run e2e	2026-09-27T09:12:54.9938720Z [android-chromium-portrait-touch] › tests/e2e/gear-tab-level-alignment-phase4t.spec.js:38:1 › 装備と所持品のヘッダー・カテゴリ・タブ段を全幅で固定する
mobile-e2e	Run npm run e2e	2026-09-27T09:12:54.9944251Z phase4t 412px: header/category/section delta 0, overflow 0
mobile-e2e	Run npm run e2e	2026-09-27T09:12:54.9944710Z 
mobile-e2e	Run npm run e2e	2026-09-27T09:12:55.7426661Z phase4t 390px: header/category/section delta 0, overflow 0
mobile-e2e	Run npm run e2e	2026-09-27T09:12:55.7427883Z 
mobile-e2e	Run npm run e2e	2026-09-27T09:12:56.1898301Z phase4t 320px: header/category/section delta 0, overflow 0
mobile-e2e	Run npm run e2e	2026-09-27T09:12:56.1898695Z 
mobile-e2e	Run npm run e2e	2026-09-27T09:12:56.6143609Z phase4t 1280px: header/category/section delta 0, overflow 0
mobile-e2e	Run npm run e2e	2026-09-27T09:12:56.6144115Z 
mobile-e2e	Run npm run e2e	2026-09-27T09:12:59.6266255Z [120/138] [android-chromium-portrait-touch] › tests/e2e/gear-targeted-box-phase4j.spec.js:3:1 › 設計片の指定BOXをexactly once製作しDrop Revealから受け取れる
mobile-e2e	Run npm run e2e	2026-09-27T09:13:04.1301637Z [121/138] [android-chromium-portrait-touch] › tests/e2e/gear-ui-phase4.spec.js:3:1 › GARAGEからGearを開き、slot比較と装備をAndroid縦画面で完了できる
mobile-e2e	Run npm run e2e	2026-09-27T09:13:08.9091378Z [122/138] [android-chromium-portrait-touch] › tests/e2e/gear-visual-polish-phase4g.spec.js:144:1 › Gear主要6画面を製品品質の情報階層で表示し、mobile/desktopで破綻しない
mobile-e2e	Run npm run e2e	2026-09-27T09:13:25.0754072Z [123/138] [android-chromium-portrait-touch] › tests/e2e/gear-workbench-cleanup-phase4r.spec.js:42:1 › Workbench整理・キャラ選択・Storage共通意匠を4幅で維持する
mobile-e2e	Run npm run e2e	2026-09-27T09:13:26.3670548Z [android-chromium-portrait-touch] › tests/e2e/gear-workbench-cleanup-phase4r.spec.js:42:1 › Workbench整理・キャラ選択・Storage共通意匠を4幅で維持する
mobile-e2e	Run npm run e2e	2026-09-27T09:13:26.3694636Z phase4r: workbench opened
mobile-e2e	Run npm run e2e	2026-09-27T09:13:26.3696164Z 
mobile-e2e	Run npm run e2e	2026-09-27T09:13:26.9405775Z phase4r: responsive metrics passed
mobile-e2e	Run npm run e2e	2026-09-27T09:13:26.9406118Z 
mobile-e2e	Run npm run e2e	2026-09-27T09:13:28.5634642Z phase4r: picker clicked
mobile-e2e	Run npm run e2e	2026-09-27T09:13:28.5646241Z 
mobile-e2e	Run npm run e2e	2026-09-27T09:13:30.6359694Z phase4r: select screenshot saved
mobile-e2e	Run npm run e2e	2026-09-27T09:13:30.6368361Z 
mobile-e2e	Run npm run e2e	2026-09-27T09:13:30.9951846Z phase4r: character changed
mobile-e2e	Run npm run e2e	2026-09-27T09:13:30.9952915Z 
mobile-e2e	Run npm run e2e	2026-09-27T09:13:31.2716167Z phase4r: storage opened
mobile-e2e	Run npm run e2e	2026-09-27T09:13:31.2716434Z 
mobile-e2e	Run npm run e2e	2026-09-27T09:13:32.2674901Z phase4r: storage screenshot saved
mobile-e2e	Run npm run e2e	2026-09-27T09:13:32.2678977Z 
mobile-e2e	Run npm run e2e	2026-09-27T09:13:33.0306451Z [124/138] [android-chromium-portrait-touch] › tests/e2e/gear-workbench-inline-detail-phase4l.spec.js:54:1 › 6slotタップで直下詳細、中央CATAMONタップで能力へ戻る
mobile-e2e	Run npm run e2e	2026-09-27T09:13:35.5938216Z [android-chromium-portrait-touch] › tests/e2e/gear-workbench-inline-detail-phase4l.spec.js:54:1 › 6slotタップで直下詳細、中央CATAMONタップで能力へ戻る
mobile-e2e	Run npm run e2e	2026-09-27T09:13:35.5939634Z phase4l 412x915: inline detail visible, overflow 0, auto-scroll 0
mobile-e2e	Run npm run e2e	2026-09-27T09:13:35.5940109Z 
mobile-e2e	Run npm run e2e	2026-09-27T09:13:36.5633666Z phase4l 390x844: inline detail visible, overflow 0, auto-scroll 0
mobile-e2e	Run npm run e2e	2026-09-27T09:13:36.5634359Z 
mobile-e2e	Run npm run e2e	2026-09-27T09:13:37.1896698Z phase4l 320x640: inline detail visible, overflow 0, auto-scroll 0
mobile-e2e	Run npm run e2e	2026-09-27T09:13:37.1897578Z 
mobile-e2e	Run npm run e2e	2026-09-27T09:13:41.1905120Z [125/138] [android-chromium-portrait-touch] › tests/e2e/gear-workbench-slot-phase4h.spec.js:109:1 › Workbench socketを6角度で等距離配置し、最悪ケースでも全幅で読める
mobile-e2e	Run npm run e2e	2026-09-27T09:13:43.0175871Z [android-chromium-portrait-touch] › tests/e2e/gear-workbench-slot-phase4h.spec.js:109:1 › Workbench socketを6角度で等距離配置し、最悪ケースでも全幅で読める
mobile-e2e	Run npm run e2e	2026-09-27T09:13:43.0177294Z phase4h 412x915: headroom 13.55px, sockets 47/47/47/47/47/47, truncation 0
mobile-e2e	Run npm run e2e	2026-09-27T09:13:43.0178158Z 
mobile-e2e	Run npm run e2e	2026-09-27T09:13:43.1954148Z phase4h 390x844: headroom 10.27px, sockets 38/38/38/38/38/38, truncation 0
mobile-e2e	Run npm run e2e	2026-09-27T09:13:43.1963922Z 
mobile-e2e	Run npm run e2e	2026-09-27T09:13:43.3121933Z phase4h 375x812: headroom 10.27px, sockets 38/38/38/38/38/38, truncation 0
mobile-e2e	Run npm run e2e	2026-09-27T09:13:43.3122534Z 
mobile-e2e	Run npm run e2e	2026-09-27T09:13:43.4722016Z phase4h 360x800: headroom 10.27px, sockets 38/38/38/38/38/38, truncation 0
mobile-e2e	Run npm run e2e	2026-09-27T09:13:43.4725036Z 
mobile-e2e	Run npm run e2e	2026-09-27T09:13:43.5821775Z phase4h 320x640: headroom 8.70px, sockets 34/34/34/34/34/34, truncation 0
mobile-e2e	Run npm run e2e	2026-09-27T09:13:43.5848943Z 
mobile-e2e	Run npm run e2e	2026-09-27T09:13:43.7173262Z phase4h 1280x900: headroom 13.55px, sockets 47/47/47/47/47/47, truncation 0
mobile-e2e	Run npm run e2e	2026-09-27T09:13:43.7173905Z 
mobile-e2e	Run npm run e2e	2026-09-27T09:13:48.4583266Z [126/138] [android-chromium-portrait-touch] › tests/e2e/loadout-lab-ui-phase4o.spec.js:6:3 › LOADOUTからCATAMON LABの装備管理を完了できる 412px
mobile-e2e	Run npm run e2e	2026-09-27T09:13:55.4060539Z [127/138] [android-chromium-portrait-touch] › tests/e2e/loadout-lab-ui-phase4o.spec.js:6:3 › LOADOUTからCATAMON LABの装備管理を完了できる 390px
mobile-e2e	Run npm run e2e	2026-09-27T09:14:00.8032633Z [128/138] [android-chromium-portrait-touch] › tests/e2e/loadout-lab-ui-phase4o.spec.js:6:3 › LOADOUTからCATAMON LABの装備管理を完了できる 320px
mobile-e2e	Run npm run e2e	2026-09-27T09:14:04.7775278Z [129/138] [android-chromium-portrait-touch] › tests/e2e/preview-effects-phase5b.spec.js:43:1 › ショップ9商品は実戦効果が対象へ発生し、必殺技は全キャラが命中演出まで進む
mobile-e2e	Run npm run e2e	2026-09-27T09:14:39.6889757Z [130/138] [android-chromium-portrait-touch] › tests/e2e/progressive-precache.spec.js:120:1 › localhost上でT2/T3a/T3bを順次取得し、二重取得なしでオフライン再表示できる
mobile-e2e	Run npm run e2e	2026-09-27T09:14:55.8943759Z [android-chromium-portrait-touch] › tests/e2e/progressive-precache.spec.js:120:1 › localhost上でT2/T3a/T3bを順次取得し、二重取得なしでオフライン再表示できる
mobile-e2e	Run npm run e2e	2026-09-27T09:14:55.8946517Z [progressive-precache meter] {"t0PlusT1Bytes":7110996,"duplicateBytes":0,"t3aCompleteBytes":42098807,"t3bCompleteBytes":78247320,"requests":145}
mobile-e2e	Run npm run e2e	2026-09-27T09:14:55.8949990Z 
mobile-e2e	Run npm run e2e	2026-09-27T09:15:04.1323601Z [131/138] [android-chromium-portrait-touch] › tests/e2e/progressive-precache.spec.js:256:1 › saveData接続ではT3aまで取得し、任意のT3bは開始しない
mobile-e2e	Run npm run e2e	2026-09-27T09:16:12.7158907Z [132/138] [android-chromium-portrait-touch] › tests/e2e/reward-summary-x-share.spec.js:3:1 › CPU結果の素材内訳と共有ボタンをモバイルCanvasで安全に操作できる
mobile-e2e	Run npm run e2e	2026-09-27T09:16:16.5579026Z [133/138] [android-chromium-portrait-touch] › tests/e2e/shop-assets-phase5a.spec.js:12:1 › ショップ9商品の正式画像・詳細・responsiveを検証する
mobile-e2e	Run npm run e2e	2026-09-27T09:16:17.9708897Z [android-chromium-portrait-touch] › tests/e2e/shop-assets-phase5a.spec.js:12:1 › ショップ9商品の正式画像・詳細・responsiveを検証する
mobile-e2e	Run npm run e2e	2026-09-27T09:16:17.9710194Z shop-assets 412px: images 9/9, overflow 0, controls outside 0
mobile-e2e	Run npm run e2e	2026-09-27T09:16:17.9726913Z 
mobile-e2e	Run npm run e2e	2026-09-27T09:16:19.4287166Z shop-assets 390px: images 9/9, overflow 0, controls outside 0
mobile-e2e	Run npm run e2e	2026-09-27T09:16:19.4287987Z 
mobile-e2e	Run npm run e2e	2026-09-27T09:16:19.7669314Z shop-assets 320px: images 9/9, overflow 0, controls outside 0
mobile-e2e	Run npm run e2e	2026-09-27T09:16:19.7670293Z 
mobile-e2e	Run npm run e2e	2026-09-27T09:16:20.6744285Z shop-assets 1280px: images 9/9, overflow 0, controls outside 0
mobile-e2e	Run npm run e2e	2026-09-27T09:16:20.6745498Z 
mobile-e2e	Run npm run e2e	2026-09-27T09:16:21.2056909Z shop-assets detail: opening barrier
mobile-e2e	Run npm run e2e	2026-09-27T09:16:21.2074134Z 
mobile-e2e	Run npm run e2e	2026-09-27T09:16:21.6550248Z shop-assets detail: barrier clicked
mobile-e2e	Run npm run e2e	2026-09-27T09:16:21.6551225Z 
mobile-e2e	Run npm run e2e	2026-09-27T09:16:21.6718364Z shop-assets detail: dialog open
mobile-e2e	Run npm run e2e	2026-09-27T09:16:21.6718771Z 
mobile-e2e	Run npm run e2e	2026-09-27T09:16:24.7923090Z shop-assets detail: live Battle canvas rendered
mobile-e2e	Run npm run e2e	2026-09-27T09:16:24.7923804Z 
mobile-e2e	Run npm run e2e	2026-09-27T09:16:26.6561829Z shop-assets detail: screenshot done
mobile-e2e	Run npm run e2e	2026-09-27T09:16:26.6563129Z 
mobile-e2e	Run npm run e2e	2026-09-27T09:16:26.9338111Z shop-assets live preview: impact
mobile-e2e	Run npm run e2e	2026-09-27T09:16:26.9338742Z 
mobile-e2e	Run npm run e2e	2026-09-27T09:16:28.7834514Z shop-assets live preview: drill
mobile-e2e	Run npm run e2e	2026-09-27T09:16:28.7838493Z 
mobile-e2e	Run npm run e2e	2026-09-27T09:16:30.5870300Z shop-assets live preview: rescue-kit
mobile-e2e	Run npm run e2e	2026-09-27T09:16:30.5871432Z 
mobile-e2e	Run npm run e2e	2026-09-27T09:16:32.3514388Z shop-assets live preview: healing-kit
mobile-e2e	Run npm run e2e	2026-09-27T09:16:32.3514846Z 
mobile-e2e	Run npm run e2e	2026-09-27T09:16:34.1040082Z shop-assets live preview: debuff-grenade
mobile-e2e	Run npm run e2e	2026-09-27T09:16:34.1041001Z 
mobile-e2e	Run npm run e2e	2026-09-27T09:16:36.5047268Z shop-assets live preview: icon-brass
mobile-e2e	Run npm run e2e	2026-09-27T09:16:36.5048300Z 
mobile-e2e	Run npm run e2e	2026-09-27T09:16:38.0488387Z shop-assets live preview: shell-amber
mobile-e2e	Run npm run e2e	2026-09-27T09:16:38.0489073Z 
mobile-e2e	Run npm run e2e	2026-09-27T09:16:39.8503986Z shop-assets live preview: impact-cyan
mobile-e2e	Run npm run e2e	2026-09-27T09:16:39.8504644Z 
mobile-e2e	Run npm run e2e	2026-09-27T09:16:41.7911347Z [134/138] [android-chromium-portrait-touch] › tests/e2e/stage-studio.spec.js:432:3 › 対象ゲームの端末戻る操作 › 起動前とタイトルで、終了前に確認を表示する
mobile-e2e	Run npm run e2e	2026-09-27T09:16:47.2020068Z [135/138] [android-chromium-portrait-touch] › tests/e2e/stage-studio.spec.js:479:3 › 対象ゲームの端末戻る操作 › 終了を選んだ時だけ前のページへ戻る
mobile-e2e	Run npm run e2e	2026-09-27T09:16:49.7808063Z [136/138] [android-chromium-portrait-touch] › tests/e2e/stage-studio.spec.js:503:3 › Stage Studio モバイル作成フロー › 文字地形を移動配置・連続配置してUndoできる
mobile-e2e	Run npm run e2e	2026-09-27T09:16:51.9384582Z [137/138] [android-chromium-portrait-touch] › tests/e2e/stage-studio.spec.js:543:3 › Stage Studio モバイル作成フロー › 横画面では地形・出撃・テストの操作をマップ横へまとめる
mobile-e2e	Run npm run e2e	2026-09-27T09:16:53.0439304Z [138/138] [android-chromium-portrait-touch] › tests/e2e/stage-studio.spec.js:585:3 › Stage Studio モバイル作成フロー › プリセット生成、タッチ編集、共有物理、検証、JSON、ゲーム開始
mobile-e2e	Run npm run e2e	2026-09-27T09:17:09.6739997Z [139/138] [android-chromium-portrait-touch] › tests/e2e/stage-studio.spec.js:616:3 › Stage Studio モバイル作成フロー › ZIPを書き出し、対象ゲームへインポートして開始できる
mobile-e2e	Run npm run e2e	2026-09-27T09:17:23.7026027Z [140/138] [android-chromium-portrait-touch] › tests/e2e/stage-studio.spec.js:626:3 › Stage Studio モバイル作成フロー › 自動保存した下書きを再読込後も復元する
mobile-e2e	Run npm run e2e	2026-09-27T09:17:27.5949963Z [141/138] [android-chromium-portrait-touch] › tests/e2e/stage-studio.spec.js:640:3 › Stage Studio モバイル作成フロー › PWAアプリシェルをオフラインで再表示できる
mobile-e2e	Run npm run e2e	2026-09-27T09:17:29.1927501Z [142/138] [android-chromium-portrait-touch] › tests/e2e/weekday-dungeon.spec.js:155:3 › weekday dungeon shared-Battle release gate › Garage entry launches shared Battle, real drag FIRE hits a cloud and claim grants exactly one Gear
mobile-e2e	Run npm run e2e	2026-09-27T09:17:40.2578297Z [143/138] [android-chromium-portrait-touch] › tests/e2e/weekday-dungeon.spec.js:180:3 › weekday dungeon shared-Battle release gate › a real shared-Battle miss queues powder +3 and does not add it until claim
mobile-e2e	Run npm run e2e	2026-09-27T09:17:49.7052392Z [144/138] [android-chromium-portrait-touch] › tests/e2e/weekday-dungeon.spec.js:196:3 › weekday dungeon shared-Battle release gate › v1 fired state reloads into reward-only recovery without a second projectile
mobile-e2e	Run npm run e2e	2026-09-27T09:17:57.7153346Z [145/138] [android-chromium-portrait-touch] › tests/e2e/weekday-dungeon.spec.js:221:3 › weekday dungeon shared-Battle release gate › two tabs firing through shared Battle create one day-only entitlement
mobile-e2e	Run npm run e2e	2026-09-27T09:18:12.8212650Z [146/138] [android-chromium-portrait-touch] › tests/e2e/weekday-dungeon.spec.js:239:3 › weekday dungeon shared-Battle release gate › queue capacity and rejected Web Lock fail before the shared Battle shot is consumed
mobile-e2e	Run npm run e2e	2026-09-27T09:18:26.7690057Z [147/138] [android-chromium-portrait-touch] › tests/e2e/weekday-dungeon.spec.js:265:3 › weekday dungeon shared-Battle release gate › WAL retry, R and narrow 320x568 retain one-shot safety and a usable FIRE origin
mobile-e2e	Run npm run e2e	2026-09-27T09:18:36.8489108Z   3 failed
mobile-e2e	Run npm run e2e	2026-09-27T09:18:36.8491318Z     [android-chromium-portrait-touch] › tests/e2e/firebase-reentry-startup-priority-phase3d8df4.spec.js:685:1 › same-tab zero-input reload replans after one bare recovery transport activation exception 
mobile-e2e	Run npm run e2e	2026-09-27T09:18:36.8494025Z     [android-chromium-portrait-touch] › tests/e2e/firebase-reentry-startup-priority-phase3d8df4.spec.js:826:1 › results reload retries a transient history read and restores a verified concede result once 
mobile-e2e	Run npm run e2e	2026-09-27T09:18:36.8496414Z     [android-chromium-portrait-touch] › tests/e2e/firebase-reentry-startup-priority-phase3d8df4.spec.js:859:1 › Gear ON reload retries a transient history read and restores the verified manifest runtime 
mobile-e2e	Run npm run e2e	2026-09-27T09:18:36.8497716Z   3 flaky
mobile-e2e	Run npm run e2e	2026-09-27T09:18:36.8499185Z     [android-chromium-portrait-touch] › tests/e2e/firebase-reentry-startup-priority-phase3d8df4.spec.js:597:1 › non-bfcache guest pagehide releases its native lease for the replacement document 
mobile-e2e	Run npm run e2e	2026-09-27T09:18:36.8501597Z     [android-chromium-portrait-touch] › tests/e2e/firebase-reentry-startup-priority-phase3d8df4.spec.js:726:1 › zero-input reload retries a transient canonical history read without losing its active guest identity 
mobile-e2e	Run npm run e2e	2026-09-27T09:18:36.8504159Z     [android-chromium-portrait-touch] › tests/e2e/firebase-reentry-startup-priority-phase3d8df4.spec.js:894:1 › 2v2 support zero-input reload retries a transient history read and restores s1 only as p2 
mobile-e2e	Run npm run e2e	2026-09-27T09:18:36.8505317Z   21 skipped
mobile-e2e	Run npm run e2e	2026-09-27T09:18:36.8505642Z   111 passed (24.9m)
mobile-e2e	Run npm run e2e	2026-09-27T09:18:37.7305815Z ##[error]Process completed with exit code 1.
